Date,Region,Category,Product,Quantity,Unit_Price,Unit_Cost,Sales,Profit,Month,Year,Profit Margin
05-03-2023,West,Electronics,Phone,1,22,16.04,22,5.96,Mar,2023,27%
01-10-2023,North,Electronics,Monitor,1,22,14.48,22,7.52,Oct,2023,34%
29-05-2023,North,Office Supplies,Notebook,1,24,14.86,24,9.14,May,2023,38%
01-05-2023,North,Office Supplies,Printer,1,26,19.98,26,6.02,May,2023,23%
14-06-2023,South,Furniture,Desk,1,34,25.03,34,8.97,Jun,2023,26%
21-08-2023,East,Office Supplies,Bag,1,40,35.69,40,4.31,Aug,2023,11%
27-12-2023,North,Office Supplies,Pen,2,20,11.71,40,16.58,Dec,2023,41%
05-05-2023,West,Electronics,Monitor,1,41,30.03,41,10.97,May,2023,27%
16-12-2023,West,Office Supplies,Printer,1,43,23.21,43,19.79,Dec,2023,46%
25-02-2023,West,Furniture,Desk,1,44,28.79,44,15.21,Feb,2023,35%
07-09-2023,North,Clothing,Shirt,2,23,11.57,46,22.86,Sep,2023,50%
06-09-2023,North,Clothing,Shirt,1,48,40.5,48,7.5,Sep,2023,16%
09-08-2023,South,Office Supplies,Printer,2,25,13.49,50,23.02,Aug,2023,46%
07-11-2023,South,Furniture,Table,2,26,22.67,52,6.66,Nov,2023,13%
13-03-2023,South,Office Supplies,Pen,2,26,13.64,52,24.72,Mar,2023,48%
02-12-2023,East,Electronics,Monitor,1,54,35.39,54,18.61,Dec,2023,34%
30-08-2023,North,Furniture,Table,2,28,20.58,56,14.84,Aug,2023,27%
24-11-2023,West,Office Supplies,Printer,1,58,44.57,58,13.43,Nov,2023,23%
24-07-2023,South,Clothing,Jeans,2,30,25.23,60,9.54,Jul,2023,16%
13-10-2023,North,Furniture,Desk,1,62,39.14,62,22.86,Oct,2023,37%
01-01-2023,North,Furniture,Table,2,32,21.95,64,20.1,Jan,2023,31%
16-07-2023,South,Electronics,Laptop,1,64,42.92,64,21.08,Jul,2023,33%
25-09-2023,North,Office Supplies,Pen,2,32,20.88,64,22.24,Sep,2023,35%
22-02-2023,North,Office Supplies,Bag,1,65,41.7,65,23.3,Feb,2023,36%
08-05-2023,West,Furniture,Desk,2,33,26.21,66,13.58,May,2023,21%
27-11-2023,South,Furniture,Shelf,1,66,38.74,66,27.26,Nov,2023,41%
18-08-2023,West,Office Supplies,Bag,1,67,41.39,67,25.61,Aug,2023,38%
17-01-2023,North,Electronics,Monitor,1,67,39.36,67,27.64,Jan,2023,41%
28-08-2023,East,Electronics,Tablet,1,72,50.99,72,21.01,Aug,2023,29%
12-09-2023,North,Furniture,Chair,1,72,47.62,72,24.38,Sep,2023,34%
15-10-2023,South,Office Supplies,Bag,1,77,40.82,77,36.18,Oct,2023,47%
15-09-2023,South,Clothing,Shoes,1,81,61.83,81,19.17,Sep,2023,24%
26-12-2023,North,Electronics,Phone,3,27,15.36,81,34.92,Dec,2023,43%
19-06-2023,North,Clothing,Shirt,2,41,35.95,82,10.1,Jun,2023,12%
16-05-2023,North,Electronics,Phone,1,84,66.92,84,17.08,May,2023,20%
11-09-2023,East,Office Supplies,Notebook,1,84,58.88,84,25.12,Sep,2023,30%
27-12-2023,East,Furniture,Table,2,43,32.87,86,20.26,Dec,2023,24%
12-05-2023,North,Furniture,Shelf,4,22,17.24,88,19.04,May,2023,22%
25-10-2023,West,Office Supplies,Notebook,1,88,47.52,88,40.48,Oct,2023,46%
22-06-2023,North,Furniture,Chair,3,30,21.46,90,25.62,Jun,2023,28%
02-05-2023,West,Furniture,Desk,2,45,29.57,90,30.86,May,2023,34%
03-09-2023,North,Furniture,Chair,1,91,70.18,91,20.82,Sep,2023,23%
25-10-2023,South,Furniture,Table,1,94,59.02,94,34.98,Oct,2023,37%
12-04-2023,West,Furniture,Table,3,32,16.59,96,46.23,Apr,2023,48%
19-05-2023,South,Furniture,Shelf,3,33,20.71,99,36.87,May,2023,37%
03-05-2023,East,Electronics,Tablet,1,100,53.47,100,46.53,May,2023,47%
16-10-2023,South,Furniture,Chair,2,51,42.41,102,17.18,Oct,2023,17%
20-05-2023,East,Clothing,Jeans,3,34,20.51,102,40.47,May,2023,40%
17-07-2023,South,Furniture,Chair,1,103,86.68,103,16.32,Jul,2023,16%
31-08-2023,South,Clothing,Jeans,1,110,73.55,110,36.45,Aug,2023,33%
20-01-2023,East,Office Supplies,Printer,2,57,29.74,114,54.52,Jan,2023,48%
29-09-2023,South,Electronics,Tablet,4,29,22.35,116,26.6,Sep,2023,23%
31-07-2023,West,Electronics,Monitor,1,116,82.06,116,33.94,Jul,2023,29%
01-06-2023,South,Furniture,Shelf,3,40,28.77,120,33.69,Jun,2023,28%
07-05-2023,North,Office Supplies,Bag,1,121,82.8,121,38.2,May,2023,32%
03-03-2023,South,Furniture,Shelf,1,123,73.29,123,49.71,Mar,2023,40%
07-05-2023,West,Electronics,Tablet,2,62,37.65,124,48.7,May,2023,39%
23-12-2023,West,Electronics,Phone,2,63,48.34,126,29.32,Dec,2023,23%
15-11-2023,West,Clothing,Shirt,5,26,17.77,130,41.15,Nov,2023,32%
16-02-2023,East,Office Supplies,Pen,2,67,45.07,134,43.86,Feb,2023,33%
10-01-2023,North,Clothing,Jacket,3,45,39.95,135,15.15,Jan,2023,11%
09-09-2023,East,Office Supplies,Notebook,4,34,18.62,136,61.52,Sep,2023,45%
06-02-2023,North,Clothing,Shirt,1,137,72.19,137,64.81,Feb,2023,47%
21-09-2023,North,Clothing,Jacket,2,69,39.12,138,59.76,Sep,2023,43%
16-02-2023,East,Office Supplies,Printer,2,70,50.17,140,39.66,Feb,2023,28%
07-04-2023,North,Office Supplies,Pen,3,47,27.82,141,57.54,Apr,2023,41%
04-03-2023,West,Clothing,Jacket,1,142,94.85,142,47.15,Mar,2023,33%
05-04-2023,North,Clothing,Shirt,3,48,36.54,144,34.38,Apr,2023,24%
23-01-2023,East,Clothing,Shirt,1,145,75.17,145,69.83,Jan,2023,48%
09-05-2023,North,Clothing,Jacket,4,37,18.85,148,72.6,May,2023,49%
20-12-2023,East,Office Supplies,Pen,3,50,29.31,150,62.07,Dec,2023,41%
22-07-2023,West,Furniture,Chair,1,155,110.77,155,44.23,Jul,2023,29%
17-08-2023,North,Electronics,Tablet,1,155,90.5,155,64.5,Aug,2023,42%
02-12-2023,South,Electronics,Tablet,6,26,20.33,156,34.02,Dec,2023,22%
27-09-2023,South,Clothing,Shirt,8,20,12.65,160,58.8,Sep,2023,37%
25-11-2023,North,Office Supplies,Notebook,3,55,39.17,165,47.49,Nov,2023,29%
02-04-2023,South,Furniture,Chair,6,28,24.77,168,19.38,Apr,2023,12%
03-11-2023,South,Clothing,Shoes,6,28,24.24,168,22.56,Nov,2023,13%
30-12-2023,North,Furniture,Table,5,34,27.12,170,34.4,Dec,2023,20%
24-09-2023,South,Clothing,Jeans,1,170,113.32,170,56.68,Sep,2023,33%
16-05-2023,West,Clothing,Jacket,1,172,154.54,172,17.46,May,2023,10%
19-05-2023,West,Office Supplies,Printer,2,87,46.54,174,80.92,May,2023,47%
24-01-2023,North,Electronics,Phone,1,175,157.21,175,17.79,Jan,2023,10%
19-06-2023,East,Electronics,Monitor,4,45,35.92,180,36.32,Jun,2023,20%
04-10-2023,West,Furniture,Desk,2,90,50.43,180,79.14,Oct,2023,44%
14-02-2023,West,Office Supplies,Notebook,2,91,72.89,182,36.22,Feb,2023,20%
02-10-2023,North,Furniture,Chair,4,46,27.94,184,72.24,Oct,2023,39%
01-11-2023,West,Office Supplies,Printer,1,188,166.93,188,21.07,Nov,2023,11%
25-06-2023,South,Clothing,Shirt,2,94,69.39,188,49.22,Jun,2023,26%
01-05-2023,South,Furniture,Table,2,94,56.62,188,74.76,May,2023,40%
13-11-2023,West,Electronics,Tablet,3,63,48,189,45,Nov,2023,24%
31-07-2023,South,Clothing,Shoes,1,190,121.57,190,68.43,Jul,2023,36%
23-09-2023,East,Clothing,Jeans,8,24,12.08,192,95.36,Sep,2023,50%
24-05-2023,South,Electronics,Phone,1,193,172.44,193,20.56,May,2023,11%
09-01-2023,North,Office Supplies,Bag,1,193,100.83,193,92.17,Jan,2023,48%
28-08-2023,West,Office Supplies,Printer,3,65,40.75,195,72.75,Aug,2023,37%
01-06-2023,North,Clothing,Jeans,4,49,35.85,196,52.6,Jun,2023,27%
11-05-2023,West,Clothing,Jeans,2,98,61.03,196,73.94,May,2023,38%
17-06-2023,East,Electronics,Phone,3,66,51.77,198,42.69,Jun,2023,22%
03-03-2023,East,Office Supplies,Printer,2,100,82.3,200,35.4,Mar,2023,18%
18-12-2023,West,Clothing,Jeans,1,203,107.95,203,95.05,Dec,2023,47%
21-12-2023,West,Furniture,Desk,4,51,39.12,204,47.52,Dec,2023,23%
28-08-2023,West,Office Supplies,Pen,1,204,147.53,204,56.47,Aug,2023,28%
16-03-2023,North,Office Supplies,Printer,5,41,25.22,205,78.9,Mar,2023,38%
21-03-2023,East,Clothing,Shirt,2,104,70.7,208,66.6,Mar,2023,32%
07-05-2023,South,Office Supplies,Pen,4,52,33.03,208,75.88,May,2023,36%
17-06-2023,North,Office Supplies,Bag,10,21,17.8,210,32,Jun,2023,15%
16-03-2023,West,Furniture,Shelf,2,105,70.76,210,68.48,Mar,2023,33%
02-03-2023,North,Electronics,Monitor,5,42,22.11,210,99.45,Mar,2023,47%
22-12-2023,North,Office Supplies,Notebook,1,212,155.44,212,56.56,Dec,2023,27%
25-12-2023,West,Clothing,Shoes,3,71,41.59,213,88.23,Dec,2023,41%
27-05-2023,West,Office Supplies,Bag,9,24,20.13,216,34.83,May,2023,16%
12-03-2023,North,Electronics,Monitor,4,54,42.27,216,46.92,Mar,2023,22%
29-08-2023,West,Furniture,Desk,9,24,18.6,216,48.6,Aug,2023,23%
09-06-2023,East,Clothing,Jacket,3,72,47.05,216,74.85,Jun,2023,35%
28-11-2023,South,Clothing,Jeans,7,31,18.52,217,87.36,Nov,2023,40%
17-10-2023,South,Clothing,Jeans,4,55,45.76,220,36.96,Oct,2023,17%
17-09-2023,West,Office Supplies,Notebook,1,220,133.18,220,86.82,Sep,2023,39%
03-04-2023,East,Furniture,Shelf,7,32,27,224,35,Apr,2023,16%
17-07-2023,West,Clothing,Shoes,3,75,38,225,111,Jul,2023,49%
06-06-2023,South,Electronics,Phone,2,113,73.37,226,79.26,Jun,2023,35%
10-09-2023,South,Clothing,Jeans,6,38,23.27,228,88.38,Sep,2023,39%
01-04-2023,North,Furniture,Shelf,2,115,101.77,230,26.46,Apr,2023,12%
13-08-2023,South,Clothing,Jeans,1,230,148.52,230,81.48,Aug,2023,35%
06-11-2023,West,Furniture,Shelf,2,116,78.5,232,75,Nov,2023,32%
21-10-2023,East,Clothing,Shirt,2,117,59.39,234,115.22,Oct,2023,49%
28-09-2023,North,Clothing,Shirt,1,236,172.41,236,63.59,Sep,2023,27%
26-03-2023,East,Clothing,Shoes,4,59,41.64,236,69.44,Mar,2023,29%
04-07-2023,West,Clothing,Shirt,1,238,127.34,238,110.66,Jul,2023,46%
15-02-2023,West,Office Supplies,Printer,10,24,17.87,240,61.3,Feb,2023,26%
12-01-2023,West,Furniture,Chair,2,121,104.18,242,33.64,Jan,2023,14%
26-05-2023,West,Office Supplies,Bag,3,81,50.17,243,92.49,May,2023,38%
23-07-2023,North,Furniture,Chair,1,243,123.32,243,119.68,Jul,2023,49%
21-06-2023,West,Clothing,Jacket,3,82,68.83,246,39.51,Jun,2023,16%
28-06-2023,South,Clothing,Shirt,2,124,105.06,248,37.88,Jun,2023,15%
07-06-2023,West,Office Supplies,Bag,8,31,16.62,248,115.04,Jun,2023,46%
01-03-2023,West,Clothing,Jacket,6,42,37.44,252,27.36,Mar,2023,11%
21-10-2023,South,Office Supplies,Printer,1,252,160.17,252,91.83,Oct,2023,36%
28-02-2023,West,Office Supplies,Bag,5,51,31.99,255,95.05,Feb,2023,37%
15-06-2023,South,Office Supplies,Bag,8,32,18.29,256,109.68,Jun,2023,43%
23-01-2023,North,Electronics,Monitor,1,260,206.28,260,53.72,Jan,2023,21%
01-10-2023,West,Electronics,Tablet,1,260,177.22,260,82.78,Oct,2023,32%
04-10-2023,North,Furniture,Desk,9,29,25.55,261,31.05,Oct,2023,12%
05-12-2023,South,Office Supplies,Bag,1,262,147.38,262,114.62,Dec,2023,44%
25-03-2023,South,Office Supplies,Printer,2,131,73.6,262,114.8,Mar,2023,44%
28-05-2023,North,Office Supplies,Notebook,3,88,44.41,264,130.77,May,2023,50%
28-10-2023,North,Office Supplies,Bag,1,266,145.37,266,120.63,Oct,2023,45%
28-01-2023,East,Furniture,Shelf,3,90,80.72,270,27.84,Jan,2023,10%
19-03-2023,West,Clothing,Shirt,1,272,159.63,272,112.37,Mar,2023,41%
30-06-2023,West,Office Supplies,Notebook,3,91,71.72,273,57.84,Jun,2023,21%
13-11-2023,East,Clothing,Shoes,1,274,234.43,274,39.57,Nov,2023,14%
15-01-2023,West,Furniture,Shelf,3,92,74.84,276,51.48,Jan,2023,19%
22-07-2023,West,Clothing,Shoes,8,35,22.86,280,97.12,Jul,2023,35%
10-12-2023,North,Furniture,Table,4,71,43.6,284,109.6,Dec,2023,39%
11-10-2023,West,Clothing,Jacket,5,57,37.31,285,98.45,Oct,2023,35%
05-09-2023,North,Electronics,Laptop,7,41,23.72,287,120.96,Sep,2023,42%
19-09-2023,South,Office Supplies,Bag,6,48,33.59,288,86.46,Sep,2023,30%
12-08-2023,West,Furniture,Chair,2,144,97.09,288,93.82,Aug,2023,33%
24-10-2023,South,Electronics,Laptop,1,290,170.17,290,119.83,Oct,2023,41%
03-01-2023,East,Office Supplies,Bag,1,293,169.87,293,123.13,Jan,2023,42%
09-10-2023,East,Clothing,Shoes,7,42,33.91,294,56.63,Oct,2023,19%
08-07-2023,North,Electronics,Laptop,5,59,44.71,295,71.45,Jul,2023,24%
25-02-2023,South,Clothing,Shoes,2,148,102.97,296,90.06,Feb,2023,30%
26-04-2023,North,Office Supplies,Notebook,3,99,52.56,297,139.32,Apr,2023,47%
17-05-2023,West,Furniture,Desk,2,150,114.26,300,71.48,May,2023,24%
25-11-2023,East,Electronics,Phone,10,30,15.61,300,143.9,Nov,2023,48%
01-04-2023,South,Clothing,Jacket,6,50,25.44,300,147.36,Apr,2023,49%
04-04-2023,East,Office Supplies,Notebook,7,43,22.93,301,140.49,Apr,2023,47%
10-10-2023,South,Clothing,Jacket,1,302,200.29,302,101.71,Oct,2023,34%
02-04-2023,West,Office Supplies,Notebook,1,303,248.84,303,54.16,Apr,2023,18%
12-09-2023,North,Clothing,Shoes,3,101,77.57,303,70.29,Sep,2023,23%
24-01-2023,South,Clothing,Jacket,1,303,186.91,303,116.09,Jan,2023,38%
16-10-2023,East,Office Supplies,Bag,1,306,209.6,306,96.4,Oct,2023,32%
05-06-2023,South,Electronics,Phone,3,102,64.16,306,113.52,Jun,2023,37%
31-03-2023,North,Furniture,Table,3,102,60.71,306,123.87,Mar,2023,40%
21-05-2023,North,Electronics,Monitor,1,309,261.42,309,47.58,May,2023,15%
26-03-2023,East,Furniture,Chair,1,312,234.64,312,77.36,Mar,2023,25%
27-08-2023,South,Furniture,Table,2,156,106.05,312,99.9,Aug,2023,32%
31-03-2023,South,Office Supplies,Printer,8,39,20.91,312,144.72,Mar,2023,46%
18-08-2023,South,Clothing,Shirt,3,105,93.33,315,35.01,Aug,2023,11%
12-04-2023,East,Furniture,Shelf,5,63,32.43,315,152.85,Apr,2023,49%
14-10-2023,South,Furniture,Table,1,317,181.24,317,135.76,Oct,2023,43%
14-08-2023,East,Furniture,Desk,2,159,89,318,140,Aug,2023,44%
13-02-2023,West,Clothing,Jacket,4,80,57.86,320,88.56,Feb,2023,28%
17-10-2023,West,Clothing,Shoes,3,107,60.99,321,138.03,Oct,2023,43%
26-09-2023,North,Clothing,Shirt,6,54,47.59,324,38.46,Sep,2023,12%
08-10-2023,West,Electronics,Laptop,6,54,45.8,324,49.2,Oct,2023,15%
02-09-2023,West,Electronics,Monitor,9,36,25.24,324,96.84,Sep,2023,30%
15-04-2023,West,Electronics,Tablet,9,36,23.17,324,115.47,Apr,2023,36%
02-07-2023,North,Furniture,Desk,3,109,90.6,327,55.2,Jul,2023,17%
22-05-2023,West,Electronics,Monitor,4,82,72.13,328,39.48,May,2023,12%
07-11-2023,West,Furniture,Desk,2,164,132.2,328,63.6,Nov,2023,19%
09-08-2023,West,Electronics,Tablet,2,165,127.26,330,75.48,Aug,2023,23%
05-12-2023,East,Furniture,Shelf,6,55,38.63,330,98.22,Dec,2023,30%
01-07-2023,East,Clothing,Shoes,3,110,65.41,330,133.77,Jul,2023,41%
08-08-2023,West,Clothing,Jacket,1,334,214.14,334,119.86,Aug,2023,36%
08-05-2023,East,Electronics,Tablet,5,67,44.19,335,114.05,May,2023,34%
11-07-2023,West,Clothing,Shoes,1,336,253.71,336,82.29,Jul,2023,24%
30-08-2023,East,Electronics,Phone,1,337,287.69,337,49.31,Aug,2023,15%
13-04-2023,South,Electronics,Phone,1,338,189.6,338,148.4,Apr,2023,44%
26-09-2023,South,Office Supplies,Notebook,10,34,19.36,340,146.4,Sep,2023,43%
04-03-2023,South,Office Supplies,Bag,1,342,254.29,342,87.71,Mar,2023,26%
05-09-2023,North,Furniture,Chair,2,171,113.95,342,114.1,Sep,2023,33%
25-07-2023,North,Furniture,Desk,1,343,308.29,343,34.71,Jul,2023,10%
11-02-2023,East,Electronics,Laptop,1,348,281.33,348,66.67,Feb,2023,19%
22-12-2023,North,Electronics,Tablet,2,176,119.68,352,112.64,Dec,2023,32%
11-10-2023,West,Office Supplies,Printer,3,118,78.85,354,117.45,Oct,2023,33%
28-02-2023,East,Office Supplies,Notebook,3,118,60.31,354,173.07,Feb,2023,49%
28-10-2023,South,Furniture,Shelf,2,178,138.75,356,78.5,Oct,2023,22%
15-10-2023,South,Clothing,Shirt,4,90,80.33,360,38.68,Oct,2023,11%
17-01-2023,South,Electronics,Phone,8,45,39.02,360,47.84,Jan,2023,13%
19-11-2023,South,Clothing,Jeans,9,40,34.25,360,51.75,Nov,2023,14%
05-07-2023,North,Office Supplies,Bag,4,90,63.34,360,106.64,Jul,2023,30%
04-10-2023,West,Furniture,Desk,8,45,24.84,360,161.28,Oct,2023,45%
15-08-2023,North,Clothing,Shirt,5,72,37,360,175,Aug,2023,49%
30-04-2023,East,Furniture,Desk,1,362,210.94,362,151.06,Apr,2023,42%
20-03-2023,West,Furniture,Table,1,364,288.52,364,75.48,Mar,2023,21%
25-12-2023,West,Office Supplies,Printer,2,182,130.73,364,102.54,Dec,2023,28%
03-01-2023,West,Electronics,Monitor,1,364,207.27,364,156.73,Jan,2023,43%
08-10-2023,North,Clothing,Jacket,1,364,183.23,364,180.77,Oct,2023,50%
13-06-2023,South,Furniture,Chair,5,73,38.67,365,171.65,Jun,2023,47%
01-08-2023,East,Furniture,Desk,3,122,67.45,366,163.65,Aug,2023,45%
06-06-2023,South,Office Supplies,Pen,9,41,25.74,369,137.34,Jun,2023,37%
06-12-2023,South,Electronics,Laptop,1,373,323.38,373,49.62,Dec,2023,13%
14-12-2023,East,Furniture,Table,1,374,288.39,374,85.61,Dec,2023,23%
22-02-2023,East,Furniture,Desk,2,187,142.94,374,88.12,Feb,2023,24%
26-12-2023,North,Furniture,Shelf,3,125,97.26,375,83.22,Dec,2023,22%
25-03-2023,East,Clothing,Shirt,5,75,54.86,375,100.7,Mar,2023,27%
27-10-2023,South,Electronics,Monitor,8,47,40.24,376,54.08,Oct,2023,14%
09-07-2023,South,Office Supplies,Bag,1,377,268.4,377,108.6,Jul,2023,29%
09-04-2023,West,Office Supplies,Printer,2,189,106.78,378,164.44,Apr,2023,44%
19-07-2023,East,Office Supplies,Bag,1,380,222.65,380,157.35,Jul,2023,41%
03-03-2023,North,Furniture,Table,1,382,211.97,382,170.03,Mar,2023,45%
04-09-2023,East,Furniture,Chair,2,192,171.91,384,40.18,Sep,2023,10%
06-07-2023,East,Electronics,Phone,7,55,48.38,385,46.34,Jul,2023,12%
26-03-2023,West,Electronics,Laptop,5,77,59.97,385,85.15,Mar,2023,22%
07-06-2023,West,Office Supplies,Notebook,7,55,40.66,385,100.38,Jun,2023,26%
08-11-2023,West,Furniture,Chair,1,390,254.95,390,135.05,Nov,2023,35%
03-10-2023,South,Furniture,Table,1,391,210.93,391,180.07,Oct,2023,46%
23-05-2023,South,Office Supplies,Bag,1,393,263.8,393,129.2,May,2023,33%
10-03-2023,South,Furniture,Chair,5,79,67.61,395,56.95,Mar,2023,14%
28-10-2023,West,Office Supplies,Bag,2,198,126.88,396,142.24,Oct,2023,36%
30-07-2023,South,Furniture,Chair,2,199,168.54,398,60.92,Jul,2023,15%
21-03-2023,East,Office Supplies,Printer,1,398,285.95,398,112.05,Mar,2023,28%
11-02-2023,East,Office Supplies,Bag,10,40,34.23,400,57.7,Feb,2023,14%
30-03-2023,North,Office Supplies,Notebook,4,100,74.23,400,103.08,Mar,2023,26%
15-02-2023,East,Clothing,Jacket,4,100,70,400,120,Feb,2023,30%
17-09-2023,East,Clothing,Jacket,2,200,133.67,400,132.66,Sep,2023,33%
11-05-2023,North,Electronics,Monitor,1,401,235.45,401,165.55,May,2023,41%
25-12-2023,North,Electronics,Laptop,2,203,176.86,406,52.28,Dec,2023,13%
14-07-2023,East,Electronics,Laptop,2,203,170.32,406,65.36,Jul,2023,16%
05-03-2023,North,Furniture,Desk,1,407,309.48,407,97.52,Mar,2023,24%
21-06-2023,East,Furniture,Chair,1,408,311.27,408,96.73,Jun,2023,24%
26-10-2023,East,Furniture,Desk,1,411,352.04,411,58.96,Oct,2023,14%
16-03-2023,West,Clothing,Jacket,1,411,257.89,411,153.11,Mar,2023,37%
17-12-2023,East,Furniture,Desk,6,69,49.25,414,118.5,Dec,2023,29%
26-10-2023,East,Clothing,Shoes,3,138,94.46,414,130.62,Oct,2023,32%
11-06-2023,East,Clothing,Jeans,1,415,343.94,415,71.06,Jun,2023,17%
02-11-2023,East,Clothing,Jacket,1,416,363.15,416,52.85,Nov,2023,13%
23-10-2023,East,Furniture,Chair,7,60,48.72,420,78.96,Oct,2023,19%
25-05-2023,North,Clothing,Shirt,5,84,66.03,420,89.85,May,2023,21%
09-05-2023,South,Electronics,Tablet,2,210,160.82,420,98.36,May,2023,23%
17-02-2023,West,Electronics,Laptop,4,105,69.57,420,141.72,Feb,2023,34%
23-07-2023,West,Furniture,Desk,2,211,186.46,422,49.08,Jul,2023,12%
22-12-2023,North,Furniture,Shelf,2,211,148.76,422,124.48,Dec,2023,29%
11-08-2023,East,Electronics,Laptop,3,141,86.95,423,162.15,Aug,2023,38%
21-01-2023,East,Furniture,Table,1,424,279.5,424,144.5,Jan,2023,34%
14-04-2023,North,Electronics,Tablet,1,425,246.41,425,178.59,Apr,2023,42%
14-01-2023,North,Clothing,Shirt,4,107,80.81,428,104.76,Jan,2023,24%
23-03-2023,West,Clothing,Jacket,2,215,182.51,430,64.98,Mar,2023,15%
19-04-2023,East,Furniture,Table,1,430,325.71,430,104.29,Apr,2023,24%
25-07-2023,North,Electronics,Tablet,10,43,29.95,430,130.5,Jul,2023,30%
06-10-2023,North,Office Supplies,Printer,4,108,82.62,432,101.52,Oct,2023,24%
22-03-2023,South,Furniture,Chair,4,108,77.85,432,120.6,Mar,2023,28%
19-03-2023,East,Furniture,Desk,8,54,37.13,432,134.96,Mar,2023,31%
28-04-2023,East,Furniture,Chair,1,432,270.51,432,161.49,Apr,2023,37%
18-11-2023,East,Office Supplies,Pen,2,217,186.05,434,61.9,Nov,2023,14%
03-06-2023,North,Furniture,Chair,1,434,340.39,434,93.61,Jun,2023,22%
26-12-2023,South,Office Supplies,Bag,7,62,46.89,434,105.77,Dec,2023,24%
15-07-2023,East,Electronics,Tablet,2,217,130.77,434,172.46,Jul,2023,40%
04-02-2023,East,Furniture,Desk,2,218,157.51,436,120.98,Feb,2023,28%
16-05-2023,East,Office Supplies,Notebook,3,146,116.51,438,88.47,May,2023,20%
11-06-2023,North,Furniture,Shelf,3,146,89.17,438,170.49,Jun,2023,39%
06-07-2023,West,Office Supplies,Printer,1,438,258.06,438,179.94,Jul,2023,41%
14-02-2023,East,Clothing,Shoes,2,220,189.02,440,61.96,Feb,2023,14%
01-10-2023,North,Office Supplies,Printer,10,44,32.45,440,115.5,Oct,2023,26%
26-05-2023,North,Furniture,Chair,2,221,143.52,442,154.96,May,2023,35%
07-03-2023,East,Furniture,Chair,2,221,143.49,442,155.02,Mar,2023,35%
03-06-2023,North,Clothing,Shoes,2,222,191.17,444,61.66,Jun,2023,14%
12-06-2023,East,Clothing,Shoes,6,74,39.71,444,205.74,Jun,2023,46%
20-02-2023,North,Clothing,Shirt,1,445,234.64,445,210.36,Feb,2023,47%
31-07-2023,East,Furniture,Shelf,1,447,316.67,447,130.33,Jul,2023,29%
26-12-2023,East,Furniture,Desk,8,56,43.4,448,100.8,Dec,2023,23%
20-05-2023,South,Furniture,Chair,7,64,44.72,448,134.96,May,2023,30%
26-09-2023,North,Clothing,Shirt,1,449,376.57,449,72.43,Sep,2023,16%
08-04-2023,North,Clothing,Shoes,6,75,60.21,450,88.74,Apr,2023,20%
22-03-2023,East,Electronics,Phone,10,45,34.63,450,103.7,Mar,2023,23%
04-04-2023,West,Furniture,Desk,2,225,148.52,450,152.96,Apr,2023,34%
26-05-2023,West,Electronics,Tablet,4,113,93.52,452,77.92,May,2023,17%
23-12-2023,West,Electronics,Phone,1,452,254.82,452,197.18,Dec,2023,44%
27-11-2023,South,Furniture,Desk,3,151,116.99,453,102.03,Nov,2023,23%
20-12-2023,East,Clothing,Jacket,1,454,380.83,454,73.17,Dec,2023,16%
04-11-2023,South,Clothing,Shoes,7,65,34.17,455,215.81,Nov,2023,47%
03-02-2023,South,Electronics,Phone,3,152,132.76,456,57.72,Feb,2023,13%
25-03-2023,North,Office Supplies,Notebook,8,57,46.72,456,82.24,Mar,2023,18%
24-01-2023,South,Electronics,Laptop,1,456,253.24,456,202.76,Jan,2023,44%
07-08-2023,West,Office Supplies,Pen,1,457,400.11,457,56.89,Aug,2023,12%
02-09-2023,East,Furniture,Shelf,3,153,87.12,459,197.64,Sep,2023,43%
25-11-2023,South,Electronics,Tablet,6,77,47.54,462,176.76,Nov,2023,38%
14-11-2023,North,Furniture,Shelf,1,463,297.99,463,165.01,Nov,2023,36%
09-11-2023,West,Electronics,Tablet,4,116,63.6,464,209.6,Nov,2023,45%
11-12-2023,North,Furniture,Desk,2,233,170.9,466,124.2,Dec,2023,27%
25-01-2023,North,Electronics,Laptop,2,233,157.91,466,150.18,Jan,2023,32%
25-04-2023,East,Office Supplies,Pen,4,117,102.78,468,56.88,Apr,2023,12%
21-07-2023,South,Office Supplies,Printer,6,78,68.08,468,59.52,Jul,2023,13%
19-06-2023,East,Electronics,Laptop,4,117,77.65,468,157.4,Jun,2023,34%
20-05-2023,North,Furniture,Shelf,9,52,31.47,468,184.77,May,2023,39%
31-08-2023,West,Office Supplies,Bag,5,94,66.94,470,135.3,Aug,2023,29%
12-01-2023,East,Furniture,Table,1,475,388.85,475,86.15,Jan,2023,18%
08-12-2023,East,Office Supplies,Printer,1,480,394.49,480,85.51,Dec,2023,18%
20-04-2023,South,Clothing,Jacket,3,160,97.91,480,186.27,Apr,2023,39%
08-02-2023,East,Clothing,Shoes,4,120,67.9,480,208.4,Feb,2023,43%
04-11-2023,East,Office Supplies,Bag,5,96,51.42,480,222.9,Nov,2023,46%
08-09-2023,West,Electronics,Monitor,2,241,213.12,482,55.76,Sep,2023,12%
12-11-2023,East,Office Supplies,Bag,1,483,256.81,483,226.19,Nov,2023,47%
27-11-2023,South,Furniture,Desk,1,484,390.83,484,93.17,Nov,2023,19%
18-07-2023,East,Clothing,Shoes,1,485,428.89,485,56.11,Jul,2023,12%
15-08-2023,North,Office Supplies,Printer,5,97,78.73,485,91.35,Aug,2023,19%
01-09-2023,West,Office Supplies,Printer,2,244,192.47,488,103.06,Sep,2023,21%
23-01-2023,South,Clothing,Shoes,4,122,94.45,488,110.2,Jan,2023,23%
17-02-2023,West,Clothing,Jacket,1,491,290.96,491,200.04,Feb,2023,41%
28-12-2023,West,Clothing,Shirt,1,494,433.98,494,60.02,Dec,2023,12%
14-04-2023,West,Furniture,Chair,2,247,173.49,494,147.02,Apr,2023,30%
24-06-2023,East,Clothing,Shoes,5,99,58.03,495,204.85,Jun,2023,41%
03-10-2023,East,Furniture,Table,4,124,89.1,496,139.6,Oct,2023,28%
27-05-2023,North,Furniture,Chair,8,62,34.15,496,222.8,May,2023,45%
19-03-2023,South,Clothing,Jeans,1,497,330.02,497,166.98,Mar,2023,34%
17-05-2023,South,Electronics,Phone,3,166,128.38,498,112.86,May,2023,23%
25-11-2023,East,Clothing,Jacket,2,250,171.58,500,156.84,Nov,2023,31%
11-01-2023,West,Office Supplies,Bag,3,167,132.01,501,104.97,Jan,2023,21%
03-09-2023,North,Office Supplies,Bag,2,251,175.23,502,151.54,Sep,2023,30%
24-09-2023,North,Office Supplies,Pen,2,251,171.37,502,159.26,Sep,2023,32%
29-11-2023,East,Clothing,Jeans,5,101,85.83,505,75.85,Nov,2023,15%
05-06-2023,North,Office Supplies,Bag,4,127,91.79,508,140.84,Jun,2023,28%
15-01-2023,West,Furniture,Table,2,255,212.23,510,85.54,Jan,2023,17%
09-12-2023,North,Electronics,Monitor,5,102,79.69,510,111.55,Dec,2023,22%
14-04-2023,North,Furniture,Desk,6,85,43.59,510,248.46,Apr,2023,49%
30-06-2023,West,Furniture,Chair,9,57,35.58,513,192.78,Jun,2023,38%
21-10-2023,West,Office Supplies,Bag,8,65,54.77,520,81.84,Oct,2023,16%
16-02-2023,North,Office Supplies,Notebook,9,58,45.79,522,109.89,Feb,2023,21%
24-02-2023,West,Clothing,Shoes,3,175,87.97,525,261.09,Feb,2023,50%
16-01-2023,West,Office Supplies,Bag,2,263,143.38,526,239.24,Jan,2023,45%
22-05-2023,East,Clothing,Shoes,6,88,67.92,528,120.48,May,2023,23%
22-11-2023,West,Clothing,Shoes,8,66,45.41,528,164.72,Nov,2023,31%
23-11-2023,West,Electronics,Phone,7,76,64.45,532,80.85,Nov,2023,15%
19-06-2023,West,Clothing,Shoes,2,266,204.84,532,122.32,Jun,2023,23%
05-11-2023,East,Furniture,Chair,7,76,41.67,532,240.31,Nov,2023,45%
04-06-2023,West,Electronics,Tablet,6,89,79.24,534,58.56,Jun,2023,11%
14-04-2023,North,Clothing,Shirt,2,268,154.54,536,226.92,Apr,2023,42%
21-05-2023,North,Electronics,Laptop,4,134,74.48,536,238.08,May,2023,44%
09-08-2023,West,Clothing,Shoes,3,179,140.75,537,114.75,Aug,2023,21%
20-11-2023,North,Office Supplies,Printer,3,180,135.68,540,132.96,Nov,2023,25%
27-08-2023,North,Clothing,Jacket,9,60,42.56,540,156.96,Aug,2023,29%
25-03-2023,North,Office Supplies,Notebook,4,135,69.24,540,263.04,Mar,2023,49%
14-08-2023,South,Furniture,Table,2,271,241.67,542,58.66,Aug,2023,11%
31-08-2023,East,Furniture,Shelf,2,273,204.5,546,137,Aug,2023,25%
13-03-2023,East,Furniture,Shelf,2,276,220.3,552,111.4,Mar,2023,20%
17-02-2023,West,Office Supplies,Notebook,8,69,47.07,552,175.44,Feb,2023,32%
20-02-2023,East,Furniture,Shelf,6,92,61.19,552,184.86,Feb,2023,33%
14-02-2023,North,Electronics,Phone,7,79,53.83,553,176.19,Feb,2023,32%
25-06-2023,North,Office Supplies,Pen,2,278,210.85,556,134.3,Jun,2023,24%
05-07-2023,East,Furniture,Chair,5,112,98.61,560,66.95,Jul,2023,12%
13-09-2023,East,Clothing,Jeans,4,140,111.18,560,115.28,Sep,2023,21%
08-06-2023,South,Furniture,Chair,2,281,244.01,562,73.98,Jun,2023,13%
19-06-2023,South,Electronics,Monitor,8,71,54.85,568,129.2,Jun,2023,23%
28-10-2023,South,Office Supplies,Printer,2,284,170.58,568,226.84,Oct,2023,40%
02-12-2023,South,Furniture,Desk,5,116,64.96,580,255.2,Dec,2023,44%
06-11-2023,North,Clothing,Shoes,6,98,60.87,588,222.78,Nov,2023,38%
12-01-2023,North,Furniture,Table,2,295,247.74,590,94.52,Jan,2023,16%
29-11-2023,West,Office Supplies,Pen,2,295,151.15,590,287.7,Nov,2023,49%
26-06-2023,North,Electronics,Monitor,2,297,266.6,594,60.8,Jun,2023,10%
14-09-2023,North,Clothing,Shoes,9,66,43.48,594,202.68,Sep,2023,34%
10-02-2023,East,Furniture,Desk,5,120,90.48,600,147.6,Feb,2023,25%
27-11-2023,West,Office Supplies,Notebook,8,75,41.82,600,265.44,Nov,2023,44%
04-05-2023,West,Clothing,Shirt,10,60,32.06,600,279.4,May,2023,47%
26-06-2023,North,Furniture,Desk,7,86,69.17,602,117.81,Jun,2023,20%
07-03-2023,West,Office Supplies,Printer,9,67,50.81,603,145.71,Mar,2023,24%
11-11-2023,South,Clothing,Jacket,9,67,46.97,603,180.27,Nov,2023,30%
04-09-2023,North,Electronics,Tablet,5,121,77.94,605,215.3,Sep,2023,36%
05-03-2023,West,Electronics,Tablet,8,76,53.8,608,177.6,Mar,2023,29%
22-04-2023,North,Electronics,Monitor,3,203,125.52,609,232.44,Apr,2023,38%
31-01-2023,East,Furniture,Table,5,122,99.51,610,112.45,Jan,2023,18%
18-06-2023,East,Furniture,Chair,2,305,235.26,610,139.48,Jun,2023,23%
06-04-2023,North,Clothing,Jeans,3,205,151.87,615,159.39,Apr,2023,26%
02-10-2023,West,Electronics,Laptop,3,207,130.49,621,229.53,Oct,2023,37%
21-04-2023,South,Furniture,Chair,9,69,37.29,621,285.39,Apr,2023,46%
12-02-2023,South,Office Supplies,Pen,7,89,75.36,623,95.48,Feb,2023,15%
03-12-2023,West,Clothing,Shoes,7,89,47.51,623,290.43,Dec,2023,47%
01-05-2023,North,Office Supplies,Notebook,2,312,247.66,624,128.68,May,2023,21%
07-05-2023,North,Clothing,Shirt,4,156,111.3,624,178.8,May,2023,29%
13-12-2023,North,Clothing,Jeans,4,157,119.42,628,150.32,Dec,2023,24%
11-11-2023,East,Clothing,Jacket,10,63,48.44,630,145.6,Nov,2023,23%
03-12-2023,North,Electronics,Phone,6,105,79.67,630,151.98,Dec,2023,24%
30-06-2023,South,Furniture,Desk,2,315,221.43,630,187.14,Jun,2023,30%
24-05-2023,South,Electronics,Laptop,7,90,60.09,630,209.37,May,2023,33%
01-05-2023,South,Furniture,Chair,5,127,107.16,635,99.2,May,2023,16%
20-06-2023,East,Furniture,Table,2,318,243.41,636,149.18,Jun,2023,23%
08-11-2023,East,Office Supplies,Bag,4,160,105.46,640,218.16,Nov,2023,34%
28-10-2023,East,Office Supplies,Notebook,10,64,35.68,640,283.2,Oct,2023,44%
11-01-2023,West,Electronics,Monitor,6,107,87.8,642,115.2,Jan,2023,18%
31-03-2023,South,Office Supplies,Bag,3,214,152.59,642,184.23,Mar,2023,29%
31-01-2023,West,Clothing,Shoes,3,214,107.18,642,320.46,Jan,2023,50%
26-08-2023,North,Furniture,Table,4,161,83.92,644,308.32,Aug,2023,48%
12-04-2023,South,Office Supplies,Bag,2,323,250.73,646,144.54,Apr,2023,22%
24-10-2023,North,Clothing,Shirt,2,323,205.02,646,235.96,Oct,2023,37%
21-09-2023,South,Furniture,Chair,4,162,124.35,648,150.6,Sep,2023,23%
09-04-2023,South,Furniture,Shelf,4,162,117.16,648,179.36,Apr,2023,28%
06-04-2023,South,Electronics,Laptop,2,324,170.81,648,306.38,Apr,2023,47%
04-02-2023,North,Clothing,Jeans,2,324,166.35,648,315.3,Feb,2023,49%
12-06-2023,West,Electronics,Tablet,3,218,184.06,654,101.82,Jun,2023,16%
03-10-2023,West,Electronics,Phone,3,218,148.56,654,208.32,Oct,2023,32%
15-11-2023,North,Office Supplies,Notebook,4,164,127.31,656,146.76,Nov,2023,22%
16-07-2023,East,Clothing,Shirt,8,82,59.61,656,179.12,Jul,2023,27%
20-02-2023,East,Electronics,Monitor,9,73,56.52,657,148.32,Feb,2023,23%
03-06-2023,East,Clothing,Jacket,8,83,63.21,664,158.32,Jun,2023,24%
18-04-2023,North,Furniture,Chair,3,223,120.69,669,306.93,Apr,2023,46%
12-03-2023,South,Furniture,Desk,2,335,266.78,670,136.44,Mar,2023,20%
09-08-2023,South,Electronics,Tablet,2,336,198.47,672,275.06,Aug,2023,41%
11-11-2023,North,Clothing,Shirt,6,112,57.22,672,328.68,Nov,2023,49%
17-01-2023,South,Clothing,Jacket,5,135,96.53,675,192.35,Jan,2023,28%
11-09-2023,East,Furniture,Chair,6,113,78.54,678,206.76,Sep,2023,30%
01-05-2023,West,Electronics,Laptop,5,136,108.62,680,136.9,May,2023,20%
27-08-2023,West,Electronics,Monitor,4,170,130.02,680,159.92,Aug,2023,24%
13-02-2023,West,Furniture,Shelf,10,68,47.75,680,202.5,Feb,2023,30%
10-11-2023,East,Clothing,Shoes,2,341,283.23,682,115.54,Nov,2023,17%
31-12-2023,West,Clothing,Shoes,6,114,95.86,684,108.84,Dec,2023,16%
05-08-2023,East,Clothing,Jacket,9,76,60.25,684,141.75,Aug,2023,21%
03-08-2023,North,Furniture,Table,3,229,187.09,687,125.73,Aug,2023,18%
27-01-2023,East,Office Supplies,Printer,2,344,230.28,688,227.44,Jan,2023,33%
13-06-2023,West,Office Supplies,Bag,2,344,200.01,688,287.98,Jun,2023,42%
04-05-2023,South,Clothing,Shoes,4,173,145.84,692,108.64,May,2023,16%
16-07-2023,North,Clothing,Shirt,4,173,134.66,692,153.36,Jul,2023,22%
10-03-2023,East,Furniture,Shelf,3,231,171.17,693,179.49,Mar,2023,26%
09-10-2023,East,Office Supplies,Bag,9,77,56.14,693,187.74,Oct,2023,27%
16-02-2023,South,Office Supplies,Bag,9,77,44.04,693,296.64,Feb,2023,43%
23-10-2023,West,Clothing,Jacket,6,117,94.21,702,136.74,Oct,2023,19%
06-01-2023,West,Office Supplies,Pen,8,88,74.67,704,106.64,Jan,2023,15%
03-06-2023,North,Clothing,Jeans,2,354,317.42,708,73.16,Jun,2023,10%
14-07-2023,East,Electronics,Phone,10,71,44.74,710,262.6,Jul,2023,37%
15-11-2023,South,Electronics,Monitor,10,71,37.58,710,334.2,Nov,2023,47%
26-04-2023,West,Office Supplies,Printer,3,237,175.81,711,183.57,Apr,2023,26%
18-07-2023,North,Electronics,Monitor,9,79,39.63,711,354.33,Jul,2023,50%
08-10-2023,South,Office Supplies,Printer,8,89,79.02,712,79.84,Oct,2023,11%
21-10-2023,East,Office Supplies,Notebook,3,238,211.4,714,79.8,Oct,2023,11%
14-06-2023,West,Furniture,Table,2,357,316.61,714,80.78,Jun,2023,11%
13-03-2023,South,Office Supplies,Bag,5,143,85.95,715,285.25,Mar,2023,40%
05-12-2023,South,Furniture,Shelf,2,359,254.22,718,209.56,Dec,2023,29%
15-07-2023,South,Furniture,Shelf,3,240,202.21,720,113.37,Jul,2023,16%
25-06-2023,East,Electronics,Phone,4,180,112.82,720,268.72,Jun,2023,37%
02-10-2023,East,Clothing,Jeans,8,91,60.86,728,241.12,Oct,2023,33%
24-11-2023,East,Electronics,Tablet,4,184,106.76,736,308.96,Nov,2023,42%
05-08-2023,South,Clothing,Shirt,2,369,248.76,738,240.48,Aug,2023,33%
19-11-2023,East,Clothing,Shoes,2,370,278.79,740,182.42,Nov,2023,25%
04-01-2023,West,Furniture,Desk,2,371,234.96,742,272.08,Jan,2023,37%
17-12-2023,East,Clothing,Jeans,7,106,58.89,742,329.77,Dec,2023,44%
11-06-2023,South,Clothing,Jacket,7,106,53.2,742,369.6,Jun,2023,50%
21-09-2023,South,Clothing,Jeans,3,248,139.79,744,324.63,Sep,2023,44%
10-03-2023,East,Furniture,Shelf,2,375,316.41,750,117.18,Mar,2023,16%
20-12-2023,East,Electronics,Phone,5,150,122.41,750,137.95,Dec,2023,18%
29-09-2023,East,Clothing,Shirt,3,250,154.57,750,286.29,Sep,2023,38%
16-01-2023,North,Office Supplies,Printer,8,94,75.96,752,144.32,Jan,2023,19%
20-03-2023,South,Office Supplies,Printer,4,188,111.3,752,306.8,Mar,2023,41%
05-12-2023,West,Electronics,Phone,3,251,178.84,753,216.48,Dec,2023,29%
03-02-2023,West,Office Supplies,Bag,6,126,104.02,756,131.88,Feb,2023,17%
11-05-2023,West,Office Supplies,Notebook,4,189,143.39,756,182.44,May,2023,24%
16-11-2023,West,Office Supplies,Bag,3,252,177.35,756,223.95,Nov,2023,30%
06-07-2023,East,Electronics,Phone,8,95,56.63,760,306.96,Jul,2023,40%
21-01-2023,North,Furniture,Desk,6,127,98.15,762,173.1,Jan,2023,23%
03-11-2023,North,Electronics,Phone,2,382,337.35,764,89.3,Nov,2023,12%
13-12-2023,South,Office Supplies,Pen,5,153,126.69,765,131.55,Dec,2023,17%
18-10-2023,West,Electronics,Phone,6,128,97.56,768,182.64,Oct,2023,24%
10-01-2023,North,Furniture,Shelf,8,96,73.07,768,183.44,Jan,2023,24%
20-12-2023,East,Office Supplies,Pen,4,192,134.15,768,231.4,Dec,2023,30%
14-07-2023,East,Electronics,Tablet,6,128,87.28,768,244.32,Jul,2023,32%
18-04-2023,South,Electronics,Tablet,6,128,85.13,768,257.22,Apr,2023,33%
14-08-2023,East,Clothing,Jacket,2,385,236.5,770,297,Aug,2023,39%
06-07-2023,West,Clothing,Shirt,4,193,111.96,772,324.16,Jul,2023,42%
22-08-2023,North,Furniture,Table,5,155,106.29,775,243.55,Aug,2023,31%
25-02-2023,East,Electronics,Laptop,7,111,62.66,777,338.38,Feb,2023,44%
27-05-2023,West,Office Supplies,Pen,7,112,90.45,784,150.85,May,2023,19%
20-12-2023,South,Furniture,Chair,6,131,88.73,786,253.62,Dec,2023,32%
26-08-2023,North,Electronics,Tablet,3,262,175.21,786,260.37,Aug,2023,33%
09-02-2023,South,Clothing,Jacket,4,197,175.91,788,84.36,Feb,2023,11%
22-12-2023,West,Electronics,Monitor,3,264,139.48,792,373.56,Dec,2023,47%
12-03-2023,East,Office Supplies,Bag,7,114,93.02,798,146.86,Mar,2023,18%
08-06-2023,South,Electronics,Monitor,6,133,84.22,798,292.68,Jun,2023,37%
27-11-2023,West,Office Supplies,Pen,3,266,149.53,798,349.41,Nov,2023,44%
11-06-2023,South,Electronics,Phone,2,400,285.74,800,228.52,Jun,2023,29%
19-09-2023,North,Office Supplies,Pen,10,80,49.05,800,309.5,Sep,2023,39%
05-04-2023,East,Clothing,Jeans,2,402,358.94,804,86.12,Apr,2023,11%
28-11-2023,North,Clothing,Shoes,2,402,311.32,804,181.36,Nov,2023,23%
19-01-2023,West,Clothing,Shirt,3,270,205.61,810,193.17,Jan,2023,24%
12-10-2023,South,Office Supplies,Notebook,3,270,166.19,810,311.43,Oct,2023,38%
29-05-2023,West,Clothing,Shoes,7,116,97.75,812,127.75,May,2023,16%
14-07-2023,North,Furniture,Desk,2,408,273.74,816,268.52,Jul,2023,33%
01-06-2023,North,Electronics,Phone,4,204,116.64,816,349.44,Jun,2023,43%
24-01-2023,West,Furniture,Chair,3,272,151.28,816,362.16,Jan,2023,44%
09-11-2023,South,Furniture,Chair,2,410,239.08,820,341.84,Nov,2023,42%
13-12-2023,East,Office Supplies,Notebook,6,137,111.19,822,154.86,Dec,2023,19%
02-03-2023,East,Electronics,Monitor,3,275,240.09,825,104.73,Mar,2023,13%
27-10-2023,North,Furniture,Desk,2,413,289.67,826,246.66,Oct,2023,30%
06-01-2023,West,Clothing,Shirt,3,278,233.39,834,133.83,Jan,2023,16%
25-03-2023,West,Office Supplies,Bag,3,278,153.14,834,374.58,Mar,2023,45%
14-10-2023,West,Office Supplies,Printer,5,167,91.64,835,376.8,Oct,2023,45%
25-04-2023,North,Electronics,Tablet,2,419,369.94,838,98.12,Apr,2023,12%
26-05-2023,South,Clothing,Jacket,8,105,78.48,840,212.16,May,2023,25%
24-01-2023,East,Clothing,Shirt,5,168,114.64,840,266.8,Jan,2023,32%
12-03-2023,North,Furniture,Table,5,168,106.05,840,309.75,Mar,2023,37%
30-06-2023,East,Furniture,Shelf,5,168,95.26,840,363.7,Jun,2023,43%
13-05-2023,North,Electronics,Phone,3,284,250.86,852,99.42,May,2023,12%
26-10-2023,North,Electronics,Tablet,9,95,63.83,855,280.53,Oct,2023,33%
16-06-2023,West,Office Supplies,Notebook,2,429,321.71,858,214.58,Jun,2023,25%
09-09-2023,East,Clothing,Shirt,6,143,90.43,858,315.42,Sep,2023,37%
06-07-2023,North,Clothing,Jacket,7,123,85.95,861,259.35,Jul,2023,30%
04-06-2023,North,Furniture,Shelf,4,216,181.73,864,137.08,Jun,2023,16%
16-06-2023,North,Clothing,Shirt,8,108,75.09,864,263.28,Jun,2023,30%
19-02-2023,East,Clothing,Shirt,9,96,57.25,864,348.75,Feb,2023,40%
09-04-2023,East,Furniture,Desk,2,437,325.73,874,222.54,Apr,2023,25%
08-04-2023,South,Clothing,Shirt,2,437,221.28,874,431.44,Apr,2023,49%
09-02-2023,West,Furniture,Shelf,6,148,129.9,888,108.6,Feb,2023,12%
13-09-2023,East,Furniture,Table,7,127,84.79,889,295.47,Sep,2023,33%
22-07-2023,East,Furniture,Chair,2,445,247.36,890,395.28,Jul,2023,44%
02-12-2023,West,Clothing,Shoes,2,446,310.3,892,271.4,Dec,2023,30%
03-07-2023,South,Furniture,Table,2,446,288.55,892,314.9,Jul,2023,35%
03-11-2023,East,Clothing,Shirt,3,298,187.45,894,331.65,Nov,2023,37%
22-06-2023,West,Furniture,Chair,5,179,109.57,895,347.15,Jun,2023,39%
24-05-2023,South,Furniture,Shelf,8,112,81.6,896,243.2,May,2023,27%
04-12-2023,North,Clothing,Shirt,4,224,141.41,896,330.36,Dec,2023,37%
13-04-2023,North,Electronics,Monitor,5,180,131.46,900,242.7,Apr,2023,27%
09-02-2023,West,Furniture,Shelf,10,90,64.06,900,259.4,Feb,2023,29%
14-07-2023,West,Clothing,Jacket,7,129,91.04,903,265.72,Jul,2023,29%
21-12-2023,North,Furniture,Shelf,6,151,85.28,906,394.32,Dec,2023,44%
01-08-2023,South,Office Supplies,Printer,3,304,208.19,912,287.43,Aug,2023,32%
17-01-2023,East,Office Supplies,Pen,3,305,232.95,915,216.15,Jan,2023,24%
01-05-2023,South,Furniture,Shelf,7,131,73.06,917,405.58,May,2023,44%
19-08-2023,East,Office Supplies,Pen,6,153,98.59,918,326.46,Aug,2023,36%
10-12-2023,West,Furniture,Desk,2,459,259.03,918,399.94,Dec,2023,44%
31-07-2023,West,Office Supplies,Notebook,4,230,161.17,920,275.32,Jul,2023,30%
01-11-2023,East,Office Supplies,Notebook,2,462,375.58,924,172.84,Nov,2023,19%
03-06-2023,West,Office Supplies,Pen,3,308,183.63,924,373.11,Jun,2023,40%
31-10-2023,North,Office Supplies,Bag,5,185,155.53,925,147.35,Oct,2023,16%
11-06-2023,West,Office Supplies,Pen,5,185,101.08,925,419.6,Jun,2023,45%
03-04-2023,North,Furniture,Chair,3,309,235.75,927,219.75,Apr,2023,24%
30-07-2023,South,Clothing,Jeans,10,93,76.06,930,169.4,Jul,2023,18%
02-08-2023,North,Furniture,Shelf,2,465,375.79,930,178.42,Aug,2023,19%
18-03-2023,North,Electronics,Monitor,3,310,227.9,930,246.3,Mar,2023,26%
27-03-2023,East,Electronics,Laptop,2,465,270.7,930,388.6,Mar,2023,42%
29-09-2023,North,Electronics,Phone,4,234,163.05,936,283.8,Sep,2023,30%
25-07-2023,East,Clothing,Shirt,2,469,321.75,938,294.5,Jul,2023,31%
21-06-2023,North,Office Supplies,Notebook,2,470,342.5,940,255,Jun,2023,27%
17-08-2023,North,Office Supplies,Notebook,5,188,116.71,940,356.45,Aug,2023,38%
28-06-2023,East,Furniture,Table,2,470,280.93,940,378.14,Jun,2023,40%
02-11-2023,South,Office Supplies,Bag,3,314,205.19,942,326.43,Nov,2023,35%
18-04-2023,West,Office Supplies,Printer,3,315,253.82,945,183.54,Apr,2023,19%
07-09-2023,North,Clothing,Shoes,2,474,314.98,948,318.04,Sep,2023,34%
29-09-2023,South,Electronics,Phone,5,190,132.23,950,288.85,Sep,2023,30%
14-06-2023,East,Electronics,Laptop,10,95,50,950,450,Jun,2023,47%
14-05-2023,East,Electronics,Laptop,3,317,280.55,951,109.35,May,2023,11%
16-04-2023,South,Office Supplies,Notebook,3,317,227.14,951,269.58,Apr,2023,28%
11-05-2023,North,Furniture,Table,2,477,348,954,258,May,2023,27%
18-11-2023,North,Furniture,Table,2,482,361.97,964,240.06,Nov,2023,25%
18-09-2023,North,Clothing,Shoes,2,482,301.82,964,360.36,Sep,2023,37%
26-05-2023,West,Electronics,Tablet,4,242,145.33,968,386.68,May,2023,40%
28-06-2023,South,Electronics,Phone,5,195,133.02,975,309.9,Jun,2023,32%
13-11-2023,South,Electronics,Tablet,3,325,211.47,975,340.59,Nov,2023,35%
25-08-2023,North,Clothing,Shirt,4,244,199.85,976,176.6,Aug,2023,18%
10-10-2023,North,Furniture,Chair,2,489,253.32,978,471.36,Oct,2023,48%
09-03-2023,South,Electronics,Monitor,3,327,268.25,981,176.25,Mar,2023,18%
02-10-2023,East,Electronics,Monitor,2,492,320.5,984,343,Oct,2023,35%
09-07-2023,North,Electronics,Monitor,4,247,124.43,988,490.28,Jul,2023,50%
09-08-2023,South,Office Supplies,Pen,3,330,282.45,990,142.65,Aug,2023,14%
10-01-2023,East,Furniture,Shelf,2,495,319.37,990,351.26,Jan,2023,35%
27-01-2023,North,Electronics,Laptop,9,110,61.95,990,432.45,Jan,2023,44%
30-10-2023,South,Office Supplies,Bag,7,142,106.27,994,250.11,Oct,2023,25%
10-10-2023,North,Furniture,Shelf,3,333,284.28,999,146.16,Oct,2023,15%
10-10-2023,West,Clothing,Shoes,3,333,204.21,999,386.37,Oct,2023,39%
05-09-2023,North,Furniture,Table,6,167,134.92,1002,192.48,Sep,2023,19%
10-12-2023,South,Furniture,Shelf,9,112,95.46,1008,148.86,Dec,2023,15%
26-07-2023,West,Clothing,Jacket,3,336,249.8,1008,258.6,Jul,2023,26%
03-12-2023,West,Furniture,Table,9,112,69.16,1008,385.56,Dec,2023,38%
22-12-2023,South,Clothing,Shirt,4,253,174.4,1012,314.4,Dec,2023,31%
29-01-2023,South,Electronics,Tablet,5,203,131.94,1015,355.3,Jan,2023,35%
28-01-2023,East,Furniture,Table,5,204,136.23,1020,338.85,Jan,2023,33%
27-01-2023,South,Office Supplies,Pen,3,342,231.66,1026,331.02,Jan,2023,32%
15-11-2023,West,Furniture,Desk,4,257,166.36,1028,362.56,Nov,2023,35%
04-01-2023,West,Office Supplies,Bag,6,172,137.84,1032,204.96,Jan,2023,20%
16-10-2023,East,Office Supplies,Pen,4,258,201.18,1032,227.28,Oct,2023,22%
08-03-2023,East,Electronics,Monitor,8,129,87.52,1032,331.84,Mar,2023,32%
15-08-2023,South,Clothing,Shirt,5,207,137.63,1035,346.85,Aug,2023,34%
20-06-2023,South,Electronics,Laptop,3,346,308.6,1038,112.2,Jun,2023,11%
16-04-2023,East,Office Supplies,Notebook,6,173,125.96,1038,282.24,Apr,2023,27%
14-08-2023,North,Furniture,Table,5,209,119.92,1045,445.4,Aug,2023,43%
14-08-2023,North,Clothing,Jacket,7,150,126.77,1050,162.61,Aug,2023,15%
02-03-2023,East,Electronics,Phone,6,176,157.77,1056,109.38,Mar,2023,10%
24-08-2023,South,Clothing,Jeans,6,176,145.77,1056,181.38,Aug,2023,17%
04-09-2023,South,Electronics,Phone,3,352,210.04,1056,425.88,Sep,2023,40%
05-11-2023,West,Furniture,Desk,4,265,165.8,1060,396.8,Nov,2023,37%
01-10-2023,West,Office Supplies,Bag,6,177,107.02,1062,419.88,Oct,2023,40%
10-08-2023,West,Furniture,Chair,4,266,169.79,1064,384.84,Aug,2023,36%
05-05-2023,North,Office Supplies,Bag,3,355,275.14,1065,239.58,May,2023,22%
22-08-2023,North,Furniture,Chair,10,107,89.25,1070,177.5,Aug,2023,17%
29-09-2023,East,Electronics,Laptop,9,119,102.62,1071,147.42,Sep,2023,14%
14-10-2023,North,Furniture,Shelf,8,134,68.44,1072,524.48,Oct,2023,49%
14-10-2023,South,Clothing,Shoes,4,269,177.04,1076,367.84,Oct,2023,34%
31-10-2023,East,Clothing,Shirt,4,270,176.99,1080,372.04,Oct,2023,34%
24-01-2023,North,Furniture,Table,10,108,68.49,1080,395.1,Jan,2023,37%
27-02-2023,North,Office Supplies,Bag,4,275,207.69,1100,269.24,Feb,2023,24%
06-11-2023,East,Office Supplies,Pen,3,367,249.55,1101,352.35,Nov,2023,32%
14-10-2023,North,Clothing,Jacket,3,368,316.42,1104,154.74,Oct,2023,14%
30-08-2023,West,Electronics,Laptop,4,276,151.23,1104,499.08,Aug,2023,45%
06-10-2023,East,Clothing,Jeans,6,185,146.7,1110,229.8,Oct,2023,21%
25-07-2023,North,Clothing,Shirt,8,139,99.51,1112,315.92,Jul,2023,28%
19-09-2023,South,Office Supplies,Notebook,5,223,131.31,1115,458.45,Sep,2023,41%
12-02-2023,South,Office Supplies,Bag,9,124,100.83,1116,208.53,Feb,2023,19%
22-12-2023,South,Clothing,Jeans,3,372,219.71,1116,456.87,Dec,2023,41%
16-08-2023,North,Electronics,Laptop,3,375,232.42,1125,427.74,Aug,2023,38%
01-08-2023,South,Furniture,Table,3,376,243.64,1128,397.08,Aug,2023,35%
21-02-2023,East,Electronics,Phone,7,162,110.38,1134,361.34,Feb,2023,32%
06-12-2023,South,Clothing,Jeans,6,189,121.78,1134,403.32,Dec,2023,36%
17-05-2023,West,Electronics,Monitor,3,378,238.87,1134,417.39,May,2023,37%
25-02-2023,North,Furniture,Table,8,142,125.46,1136,132.32,Feb,2023,12%
17-11-2023,East,Electronics,Monitor,4,284,228.85,1136,220.6,Nov,2023,19%
02-07-2023,North,Electronics,Laptop,3,379,270.81,1137,324.57,Jul,2023,29%
24-12-2023,North,Office Supplies,Printer,10,114,77.05,1140,369.5,Dec,2023,32%
08-07-2023,West,Electronics,Monitor,10,115,77.47,1150,375.3,Jul,2023,33%
05-09-2023,South,Furniture,Shelf,8,144,98.31,1152,365.52,Sep,2023,32%
04-06-2023,North,Furniture,Shelf,4,288,178.83,1152,436.68,Jun,2023,38%
07-01-2023,North,Furniture,Shelf,5,231,151.33,1155,398.35,Jan,2023,34%
16-02-2023,West,Clothing,Shirt,9,130,84.56,1170,408.96,Feb,2023,35%
17-07-2023,West,Office Supplies,Pen,10,117,70.42,1170,465.8,Jul,2023,40%
18-08-2023,West,Office Supplies,Printer,4,293,174.53,1172,473.88,Aug,2023,40%
25-04-2023,East,Clothing,Jacket,5,235,191.58,1175,217.1,Apr,2023,18%
24-04-2023,South,Office Supplies,Pen,7,168,136.84,1176,218.12,Apr,2023,19%
14-08-2023,North,Furniture,Chair,9,131,117.36,1179,122.76,Aug,2023,10%
28-10-2023,East,Electronics,Phone,9,131,90.62,1179,363.42,Oct,2023,31%
31-12-2023,East,Furniture,Desk,5,236,202.53,1180,167.35,Dec,2023,14%
29-04-2023,East,Furniture,Shelf,9,132,97.03,1188,314.73,Apr,2023,26%
05-08-2023,East,Electronics,Monitor,6,198,114.09,1188,503.46,Aug,2023,42%
01-08-2023,West,Electronics,Monitor,10,119,93.69,1190,253.1,Aug,2023,21%
26-04-2023,West,Furniture,Desk,10,119,81.15,1190,378.5,Apr,2023,32%
13-01-2023,West,Clothing,Shoes,3,397,345.31,1191,155.07,Jan,2023,13%
15-03-2023,East,Clothing,Jacket,9,133,88.5,1197,400.5,Mar,2023,33%
06-05-2023,North,Furniture,Shelf,7,172,117.2,1204,383.6,May,2023,32%
17-12-2023,South,Electronics,Tablet,6,201,150.77,1206,301.38,Dec,2023,25%
01-09-2023,East,Electronics,Phone,6,201,118.07,1206,497.58,Sep,2023,41%
23-07-2023,East,Clothing,Jeans,4,302,189.85,1208,448.6,Jul,2023,37%
08-08-2023,North,Office Supplies,Pen,6,202,134.28,1212,406.32,Aug,2023,34%
28-02-2023,East,Clothing,Shoes,9,135,102.47,1215,292.77,Feb,2023,24%
09-12-2023,North,Clothing,Shirt,9,135,101.95,1215,297.45,Dec,2023,24%
23-04-2023,West,Clothing,Shoes,5,243,168.7,1215,371.5,Apr,2023,31%
13-03-2023,East,Clothing,Shoes,4,304,198.77,1216,420.92,Mar,2023,35%
08-02-2023,West,Electronics,Monitor,3,406,359.96,1218,138.12,Feb,2023,11%
23-09-2023,West,Electronics,Phone,4,307,193.42,1228,454.32,Sep,2023,37%
07-05-2023,South,Furniture,Table,5,246,184.65,1230,306.75,May,2023,25%
08-11-2023,West,Office Supplies,Printer,4,308,221.22,1232,347.12,Nov,2023,28%
17-01-2023,North,Clothing,Jacket,8,154,98.47,1232,444.24,Jan,2023,36%
16-03-2023,West,Clothing,Jeans,3,413,324.13,1239,266.61,Mar,2023,22%
29-06-2023,North,Furniture,Desk,5,248,210.73,1240,186.35,Jun,2023,15%
22-02-2023,South,Electronics,Laptop,6,208,177.3,1248,184.2,Feb,2023,15%
24-03-2023,South,Furniture,Chair,5,250,215.53,1250,172.35,Mar,2023,14%
05-12-2023,West,Office Supplies,Notebook,8,157,137.35,1256,157.2,Dec,2023,13%
18-07-2023,West,Office Supplies,Bag,8,157,113.86,1256,345.12,Jul,2023,27%
03-01-2023,North,Furniture,Shelf,9,140,80.75,1260,533.25,Jan,2023,42%
12-11-2023,South,Office Supplies,Notebook,3,421,245.29,1263,527.13,Nov,2023,42%
19-10-2023,North,Office Supplies,Pen,4,316,233.15,1264,331.4,Oct,2023,26%
30-06-2023,South,Office Supplies,Printer,8,158,98.38,1264,476.96,Jun,2023,38%
18-06-2023,North,Clothing,Jeans,3,423,363.87,1269,177.39,Jun,2023,14%
09-03-2023,North,Furniture,Shelf,5,254,159.12,1270,474.4,Mar,2023,37%
06-11-2023,South,Clothing,Jacket,3,424,346.76,1272,231.72,Nov,2023,18%
12-06-2023,South,Office Supplies,Printer,8,159,94.36,1272,517.12,Jun,2023,41%
20-03-2023,North,Electronics,Laptop,3,425,328.18,1275,290.46,Mar,2023,23%
31-01-2023,East,Clothing,Shirt,3,425,264.79,1275,480.63,Jan,2023,38%
22-03-2023,South,Furniture,Desk,3,426,274.6,1278,454.2,Mar,2023,36%
05-11-2023,South,Electronics,Laptop,4,320,275.35,1280,178.6,Nov,2023,14%
16-10-2023,North,Clothing,Jacket,10,128,93.88,1280,341.2,Oct,2023,27%
02-05-2023,West,Electronics,Monitor,4,321,245.18,1284,303.28,May,2023,24%
27-10-2023,West,Furniture,Desk,5,257,216,1285,205,Oct,2023,16%
11-11-2023,South,Electronics,Monitor,5,257,193.44,1285,317.8,Nov,2023,25%
27-04-2023,West,Clothing,Shoes,3,430,288.76,1290,423.72,Apr,2023,33%
06-08-2023,East,Electronics,Phone,8,162,130.56,1296,251.52,Aug,2023,19%
22-06-2023,South,Clothing,Shoes,7,186,101.99,1302,588.07,Jun,2023,45%
01-05-2023,East,Clothing,Shirt,7,186,94.12,1302,643.16,May,2023,49%
02-05-2023,East,Clothing,Jacket,5,261,230.57,1305,152.15,May,2023,12%
20-11-2023,West,Office Supplies,Bag,3,435,240.96,1305,582.12,Nov,2023,45%
16-02-2023,East,Furniture,Shelf,4,327,179.49,1308,590.04,Feb,2023,45%
15-07-2023,East,Furniture,Chair,7,190,170.69,1330,135.17,Jul,2023,10%
11-08-2023,South,Clothing,Jacket,10,133,113.94,1330,190.6,Aug,2023,14%
08-07-2023,South,Electronics,Tablet,10,133,78.16,1330,548.4,Jul,2023,41%
08-03-2023,North,Furniture,Table,9,148,121.27,1332,240.57,Mar,2023,18%
23-12-2023,North,Office Supplies,Notebook,4,333,174.25,1332,635,Dec,2023,48%
01-08-2023,West,Clothing,Shoes,8,167,94.44,1336,580.48,Aug,2023,43%
28-01-2023,East,Electronics,Laptop,4,337,293.42,1348,174.32,Jan,2023,13%
09-05-2023,West,Electronics,Laptop,4,337,285.62,1348,205.52,May,2023,15%
13-04-2023,East,Furniture,Table,4,339,266.37,1356,290.52,Apr,2023,21%
01-03-2023,East,Furniture,Desk,9,151,128.42,1359,203.22,Mar,2023,15%
16-02-2023,East,Furniture,Chair,3,453,361.71,1359,273.87,Feb,2023,20%
22-09-2023,West,Clothing,Jeans,3,453,334.14,1359,356.58,Sep,2023,26%
16-01-2023,West,Furniture,Table,3,454,337.34,1362,349.98,Jan,2023,26%
29-06-2023,West,Clothing,Shoes,4,341,272.56,1364,273.76,Jun,2023,20%
04-03-2023,South,Office Supplies,Notebook,3,456,241.51,1368,643.47,Mar,2023,47%
27-03-2023,South,Office Supplies,Bag,3,457,232.72,1371,672.84,Mar,2023,49%
02-11-2023,East,Electronics,Laptop,7,196,155.12,1372,286.16,Nov,2023,21%
28-11-2023,West,Electronics,Phone,5,275,182.82,1375,460.9,Nov,2023,34%
19-08-2023,West,Clothing,Shoes,8,172,145.18,1376,214.56,Aug,2023,16%
25-04-2023,East,Office Supplies,Notebook,3,460,394.81,1380,195.57,Apr,2023,14%
10-11-2023,West,Clothing,Jacket,4,347,252,1388,380,Nov,2023,27%
22-04-2023,West,Office Supplies,Printer,8,174,134.13,1392,318.96,Apr,2023,23%
24-07-2023,South,Clothing,Shoes,8,174,120.15,1392,430.8,Jul,2023,31%
10-09-2023,North,Clothing,Shoes,7,199,142.96,1393,392.28,Sep,2023,28%
24-06-2023,East,Furniture,Shelf,9,156,129.2,1404,241.2,Jun,2023,17%
11-01-2023,East,Office Supplies,Notebook,7,203,160.32,1421,298.76,Jan,2023,21%
23-09-2023,East,Furniture,Chair,3,475,294.85,1425,540.45,Sep,2023,38%
10-07-2023,South,Electronics,Tablet,7,204,153.36,1428,354.48,Jul,2023,25%
24-05-2023,East,Clothing,Shirt,3,476,340.55,1428,406.35,May,2023,28%
16-07-2023,South,Office Supplies,Bag,4,358,242.03,1432,463.88,Jul,2023,32%
20-05-2023,East,Furniture,Shelf,4,359,320.66,1436,153.36,May,2023,11%
18-10-2023,South,Office Supplies,Printer,3,479,390.74,1437,264.78,Oct,2023,18%
04-09-2023,North,Electronics,Laptop,3,481,356.61,1443,373.17,Sep,2023,26%
05-12-2023,East,Office Supplies,Pen,3,482,351.77,1446,390.69,Dec,2023,27%
16-07-2023,West,Office Supplies,Pen,8,181,152.25,1448,230,Jul,2023,16%
14-05-2023,South,Office Supplies,Printer,4,362,284.7,1448,309.2,May,2023,21%
07-07-2023,North,Clothing,Jacket,7,207,107.25,1449,698.25,Jul,2023,48%
12-11-2023,North,Furniture,Chair,5,290,149.72,1450,701.4,Nov,2023,48%
01-07-2023,North,Clothing,Jacket,4,363,220.27,1452,570.92,Jul,2023,39%
06-11-2023,South,Electronics,Laptop,3,485,357.3,1455,383.1,Nov,2023,26%
13-02-2023,West,Furniture,Table,7,208,119.13,1456,622.09,Feb,2023,43%
16-02-2023,North,Furniture,Chair,4,365,304.55,1460,241.8,Feb,2023,17%
17-03-2023,North,Furniture,Shelf,7,209,136.78,1463,505.54,Mar,2023,35%
12-03-2023,West,Clothing,Shirt,9,164,106.47,1476,517.77,Mar,2023,35%
27-10-2023,North,Furniture,Table,9,164,84.98,1476,711.18,Oct,2023,48%
23-01-2023,North,Office Supplies,Bag,7,211,126.91,1477,588.63,Jan,2023,40%
02-04-2023,South,Clothing,Shoes,7,211,117.01,1477,657.93,Apr,2023,45%
14-11-2023,South,Furniture,Shelf,3,493,429.87,1479,189.39,Nov,2023,13%
18-08-2023,South,Furniture,Shelf,7,212,112.81,1484,694.33,Aug,2023,47%
24-09-2023,East,Office Supplies,Notebook,9,165,96.61,1485,615.51,Sep,2023,41%
13-12-2023,South,Furniture,Chair,3,496,443.21,1488,158.37,Dec,2023,11%
12-07-2023,West,Electronics,Laptop,4,372,305.68,1488,265.28,Jul,2023,18%
28-02-2023,South,Office Supplies,Pen,6,248,147.84,1488,600.96,Feb,2023,40%
10-10-2023,West,Clothing,Shirt,5,298,255.56,1490,212.2,Oct,2023,14%
27-12-2023,East,Furniture,Desk,4,373,291.68,1492,325.28,Dec,2023,22%
02-08-2023,West,Electronics,Phone,3,498,432.19,1494,197.43,Aug,2023,13%
17-03-2023,South,Furniture,Desk,6,249,178.27,1494,424.38,Mar,2023,28%
06-09-2023,East,Clothing,Jacket,8,188,140.35,1504,381.2,Sep,2023,25%
15-04-2023,East,Office Supplies,Pen,5,301,166.27,1505,673.65,Apr,2023,45%
14-06-2023,West,Office Supplies,Bag,4,377,224.51,1508,609.96,Jun,2023,40%
15-07-2023,East,Clothing,Jeans,5,303,210.96,1515,460.2,Jul,2023,30%
08-08-2023,South,Office Supplies,Pen,5,304,184.13,1520,599.35,Aug,2023,39%
13-05-2023,West,Electronics,Phone,7,218,148.34,1526,487.62,May,2023,32%
18-06-2023,South,Furniture,Shelf,8,191,128.4,1528,500.8,Jun,2023,33%
02-11-2023,West,Furniture,Shelf,9,170,115.85,1530,487.35,Nov,2023,32%
16-04-2023,North,Office Supplies,Pen,7,219,188.76,1533,211.68,Apr,2023,14%
03-06-2023,North,Furniture,Shelf,5,307,258.92,1535,240.4,Jun,2023,16%
20-09-2023,South,Electronics,Laptop,6,257,198.04,1542,353.76,Sep,2023,23%
06-11-2023,East,Furniture,Desk,4,387,246.58,1548,561.68,Nov,2023,36%
06-05-2023,South,Office Supplies,Pen,8,194,119.25,1552,598,May,2023,39%
06-04-2023,South,Office Supplies,Notebook,7,222,113.59,1554,758.87,Apr,2023,49%
06-02-2023,East,Office Supplies,Pen,4,389,263.71,1556,501.16,Feb,2023,32%
20-02-2023,East,Electronics,Tablet,4,391,286.31,1564,418.76,Feb,2023,27%
14-03-2023,North,Furniture,Desk,5,313,187.15,1565,629.25,Mar,2023,40%
04-12-2023,North,Clothing,Shirt,9,174,118.88,1566,496.08,Dec,2023,32%
27-04-2023,South,Office Supplies,Pen,4,392,350.43,1568,166.28,Apr,2023,11%
13-08-2023,North,Furniture,Desk,10,157,133.67,1570,233.3,Aug,2023,15%
15-03-2023,North,Electronics,Laptop,7,225,175.05,1575,349.65,Mar,2023,22%
07-05-2023,South,Office Supplies,Notebook,8,197,110.72,1576,690.24,May,2023,44%
16-03-2023,East,Clothing,Jacket,6,263,206.79,1578,337.26,Mar,2023,21%
26-06-2023,North,Furniture,Chair,4,395,301.32,1580,374.72,Jun,2023,24%
02-09-2023,North,Electronics,Monitor,7,226,189.3,1582,256.9,Sep,2023,16%
09-10-2023,North,Electronics,Phone,7,226,186.87,1582,273.91,Oct,2023,17%
09-12-2023,North,Office Supplies,Printer,7,227,166.72,1589,421.96,Dec,2023,27%
13-05-2023,North,Office Supplies,Printer,7,227,148.76,1589,547.68,May,2023,34%
31-12-2023,South,Office Supplies,Printer,7,227,148.15,1589,551.95,Dec,2023,35%
27-03-2023,East,Office Supplies,Bag,8,199,135.09,1592,511.28,Mar,2023,32%
02-02-2023,West,Clothing,Jeans,7,228,144.18,1596,586.74,Feb,2023,37%
16-10-2023,East,Office Supplies,Pen,4,399,222.79,1596,704.84,Oct,2023,44%
19-04-2023,West,Furniture,Chair,4,399,218.22,1596,723.12,Apr,2023,45%
26-09-2023,West,Office Supplies,Bag,9,178,153.72,1602,218.52,Sep,2023,14%
03-06-2023,East,Furniture,Chair,9,178,136.48,1602,373.68,Jun,2023,23%
23-12-2023,West,Office Supplies,Printer,7,229,128.17,1603,705.81,Dec,2023,44%
02-12-2023,West,Office Supplies,Printer,6,268,197.61,1608,422.34,Dec,2023,26%
01-07-2023,North,Electronics,Monitor,7,230,157.97,1610,504.21,Jul,2023,31%
01-05-2023,North,Clothing,Jeans,5,323,172.47,1615,752.65,May,2023,47%
20-01-2023,East,Clothing,Shirt,8,202,113.61,1616,707.12,Jan,2023,44%
25-10-2023,South,Electronics,Monitor,4,405,323.19,1620,327.24,Oct,2023,20%
06-12-2023,West,Furniture,Shelf,9,180,104.41,1620,680.31,Dec,2023,42%
22-02-2023,East,Furniture,Chair,7,232,194.75,1624,260.75,Feb,2023,16%
25-06-2023,South,Office Supplies,Notebook,8,203,162.41,1624,324.72,Jun,2023,20%
30-09-2023,East,Electronics,Tablet,5,325,232.54,1625,462.3,Sep,2023,28%
24-04-2023,South,Furniture,Shelf,4,407,236.8,1628,680.8,Apr,2023,42%
09-03-2023,East,Furniture,Desk,10,163,99.44,1630,635.6,Mar,2023,39%
04-09-2023,West,Electronics,Laptop,5,326,195.72,1630,651.4,Sep,2023,40%
31-05-2023,East,Office Supplies,Notebook,7,233,194.14,1631,272.02,May,2023,17%
15-10-2023,South,Office Supplies,Pen,7,233,168.44,1631,451.92,Oct,2023,28%
14-11-2023,East,Office Supplies,Printer,6,272,233.72,1632,229.68,Nov,2023,14%
21-01-2023,North,Office Supplies,Printer,4,409,284.28,1636,498.88,Jan,2023,30%
07-01-2023,West,Office Supplies,Pen,10,165,113.48,1650,515.2,Jan,2023,31%
14-10-2023,North,Office Supplies,Bag,7,236,179.07,1652,398.51,Oct,2023,24%
09-02-2023,North,Clothing,Shoes,4,413,288.79,1652,496.84,Feb,2023,30%
06-10-2023,North,Clothing,Shoes,5,333,297.55,1665,177.25,Oct,2023,11%
05-08-2023,South,Office Supplies,Notebook,5,333,288.92,1665,220.4,Aug,2023,13%
04-02-2023,East,Electronics,Phone,4,418,316.87,1672,404.52,Feb,2023,24%
08-11-2023,South,Office Supplies,Notebook,4,418,252.97,1672,660.12,Nov,2023,39%
11-06-2023,West,Office Supplies,Printer,9,186,155.86,1674,271.26,Jun,2023,16%
26-08-2023,South,Electronics,Laptop,10,168,127.89,1680,401.1,Aug,2023,24%
07-08-2023,North,Clothing,Shoes,9,187,99.99,1683,783.09,Aug,2023,47%
11-10-2023,West,Clothing,Jacket,7,241,138.41,1687,718.13,Oct,2023,43%
18-08-2023,West,Electronics,Monitor,6,282,207.97,1692,444.18,Aug,2023,26%
13-03-2023,East,Electronics,Phone,4,424,295.79,1696,512.84,Mar,2023,30%
17-08-2023,South,Furniture,Desk,5,340,194.57,1700,727.15,Aug,2023,43%
23-02-2023,East,Office Supplies,Notebook,6,284,208.16,1704,455.04,Feb,2023,27%
23-10-2023,West,Office Supplies,Notebook,5,341,227,1705,570,Oct,2023,33%
25-03-2023,South,Clothing,Jeans,8,214,130.11,1712,671.12,Mar,2023,39%
13-12-2023,East,Office Supplies,Notebook,4,429,268.68,1716,641.28,Dec,2023,37%
24-03-2023,East,Office Supplies,Bag,4,430,319,1720,444,Mar,2023,26%
07-10-2023,East,Clothing,Shoes,5,344,191.82,1720,760.9,Oct,2023,44%
29-12-2023,North,Furniture,Shelf,10,173,119.36,1730,536.4,Dec,2023,31%
07-02-2023,South,Office Supplies,Printer,6,289,169.93,1734,714.42,Feb,2023,41%
02-05-2023,East,Office Supplies,Pen,4,435,345.84,1740,356.64,May,2023,20%
20-07-2023,South,Clothing,Jeans,5,350,182.64,1750,836.8,Jul,2023,48%
16-04-2023,West,Electronics,Tablet,4,444,347.32,1776,386.72,Apr,2023,22%
22-07-2023,West,Office Supplies,Notebook,6,296,153.43,1776,855.42,Jul,2023,48%
20-08-2023,North,Furniture,Desk,8,223,111.52,1784,891.84,Aug,2023,50%
12-01-2023,East,Clothing,Shirt,4,447,392.9,1788,216.4,Jan,2023,12%
18-12-2023,East,Furniture,Chair,6,298,256.48,1788,249.12,Dec,2023,14%
14-04-2023,South,Clothing,Jeans,4,448,334.85,1792,452.6,Apr,2023,25%
23-01-2023,South,Furniture,Table,6,299,189.99,1794,654.06,Jan,2023,36%
12-08-2023,West,Electronics,Laptop,4,449,238.15,1796,843.4,Aug,2023,47%
11-07-2023,South,Clothing,Shoes,7,257,207.9,1799,343.7,Jul,2023,19%
03-06-2023,South,Clothing,Jacket,5,361,293.82,1805,335.9,Jun,2023,19%
31-07-2023,South,Furniture,Desk,4,456,240.49,1824,862.04,Jul,2023,47%
07-06-2023,East,Office Supplies,Pen,7,261,181.56,1827,556.08,Jun,2023,30%
30-04-2023,East,Clothing,Shoes,6,305,248.7,1830,337.8,Apr,2023,18%
30-04-2023,East,Clothing,Jacket,10,183,133.77,1830,492.3,Apr,2023,27%
17-06-2023,East,Clothing,Jeans,10,183,103.4,1830,796,Jun,2023,43%
02-04-2023,East,Office Supplies,Bag,6,306,220.92,1836,510.48,Apr,2023,28%
10-11-2023,South,Office Supplies,Printer,5,368,242.51,1840,627.45,Nov,2023,34%
19-09-2023,East,Electronics,Laptop,6,307,232.99,1842,444.06,Sep,2023,24%
10-12-2023,North,Electronics,Phone,4,462,357.66,1848,417.36,Dec,2023,23%
27-12-2023,South,Furniture,Chair,6,310,224.89,1860,510.66,Dec,2023,27%
28-06-2023,West,Electronics,Monitor,5,373,240.6,1865,662,Jun,2023,35%
20-10-2023,East,Clothing,Shoes,6,314,194.16,1884,719.04,Oct,2023,38%
07-08-2023,South,Electronics,Tablet,5,377,331.17,1885,229.15,Aug,2023,12%
04-05-2023,South,Clothing,Shirt,7,270,194.96,1890,525.28,May,2023,28%
28-08-2023,East,Office Supplies,Pen,5,378,249.86,1890,640.7,Aug,2023,34%
12-04-2023,North,Electronics,Monitor,5,379,318.64,1895,301.8,Apr,2023,16%
03-04-2023,East,Furniture,Chair,5,379,305.08,1895,369.6,Apr,2023,20%
22-07-2023,North,Office Supplies,Pen,9,211,125.4,1899,770.4,Jul,2023,41%
15-05-2023,East,Office Supplies,Pen,5,380,257.83,1900,610.85,May,2023,32%
03-11-2023,West,Office Supplies,Pen,6,317,219.43,1902,585.42,Nov,2023,31%
20-07-2023,East,Clothing,Jacket,4,476,385.02,1904,363.92,Jul,2023,19%
21-09-2023,South,Electronics,Tablet,10,191,102.63,1910,883.7,Sep,2023,46%
15-08-2023,West,Clothing,Shirt,6,320,198.29,1920,730.26,Aug,2023,38%
18-06-2023,West,Office Supplies,Pen,9,214,188.67,1926,227.97,Jun,2023,12%
01-01-2023,North,Furniture,Shelf,9,214,169.8,1926,397.8,Jan,2023,21%
15-01-2023,East,Electronics,Laptop,8,241,198.4,1928,340.8,Jan,2023,18%
08-03-2023,North,Clothing,Jeans,7,277,239.41,1939,263.13,Mar,2023,14%
25-03-2023,West,Office Supplies,Printer,8,243,132.78,1944,881.76,Mar,2023,45%
29-05-2023,West,Office Supplies,Pen,8,243,129.2,1944,910.4,May,2023,47%
09-07-2023,North,Furniture,Table,5,389,244.97,1945,720.15,Jul,2023,37%
05-09-2023,East,Clothing,Jeans,5,390,286.98,1950,515.1,Sep,2023,26%
31-03-2023,East,Furniture,Chair,8,244,123.05,1952,967.6,Mar,2023,50%
31-03-2023,North,Electronics,Tablet,7,279,151.38,1953,893.34,Mar,2023,46%
09-10-2023,East,Electronics,Laptop,5,391,325.28,1955,328.6,Oct,2023,17%
17-11-2023,South,Electronics,Monitor,5,391,304.89,1955,430.55,Nov,2023,22%
21-01-2023,North,Clothing,Shoes,9,218,154.01,1962,575.91,Jan,2023,29%
09-09-2023,North,Office Supplies,Notebook,6,328,243.39,1968,507.66,Sep,2023,26%
28-11-2023,East,Electronics,Phone,9,219,130.31,1971,798.21,Nov,2023,40%
25-05-2023,North,Office Supplies,Notebook,6,329,240.13,1974,533.22,May,2023,27%
06-03-2023,North,Clothing,Jacket,5,395,337.55,1975,287.25,Mar,2023,15%
13-07-2023,South,Clothing,Jeans,5,395,306.28,1975,443.6,Jul,2023,22%
02-04-2023,South,Furniture,Chair,9,221,157.25,1989,573.75,Apr,2023,29%
10-03-2023,East,Electronics,Phone,5,400,270.9,2000,645.5,Mar,2023,32%
30-07-2023,North,Furniture,Shelf,4,500,284.91,2000,860.36,Jul,2023,43%
21-04-2023,East,Office Supplies,Notebook,10,200,103.89,2000,961.1,Apr,2023,48%
26-08-2023,North,Furniture,Desk,9,223,168.18,2007,493.38,Aug,2023,25%
02-02-2023,West,Office Supplies,Printer,9,223,130.93,2007,828.63,Feb,2023,41%
28-03-2023,West,Electronics,Tablet,6,335,277.59,2010,344.46,Mar,2023,17%
02-12-2023,South,Furniture,Shelf,5,402,278.04,2010,619.8,Dec,2023,31%
25-03-2023,North,Furniture,Desk,5,403,335.44,2015,337.8,Mar,2023,17%
14-01-2023,North,Office Supplies,Pen,7,288,232.13,2016,391.09,Jan,2023,19%
25-11-2023,East,Furniture,Desk,9,224,172.88,2016,460.08,Nov,2023,23%
22-03-2023,West,Electronics,Laptop,8,253,126.57,2024,1011.44,Mar,2023,50%
03-04-2023,South,Electronics,Phone,9,225,157.92,2025,603.72,Apr,2023,30%
28-01-2023,North,Clothing,Jacket,5,406,336.09,2030,349.55,Jan,2023,17%
23-11-2023,West,Office Supplies,Pen,10,203,156.27,2030,467.3,Nov,2023,23%
12-07-2023,North,Electronics,Tablet,10,203,132.9,2030,701,Jul,2023,35%
26-02-2023,East,Furniture,Table,8,254,169.49,2032,676.08,Feb,2023,33%
23-05-2023,North,Clothing,Shirt,7,292,198.43,2044,654.99,May,2023,32%
01-04-2023,West,Clothing,Shirt,8,257,206.06,2056,407.52,Apr,2023,20%
01-08-2023,South,Clothing,Shoes,8,257,149.47,2056,860.24,Aug,2023,42%
07-05-2023,West,Office Supplies,Printer,5,412,334.16,2060,389.2,May,2023,19%
18-01-2023,North,Furniture,Shelf,10,206,163.35,2060,426.5,Jan,2023,21%
15-05-2023,East,Office Supplies,Pen,8,258,156.18,2064,814.56,May,2023,39%
03-09-2023,North,Furniture,Shelf,9,230,185.76,2070,398.16,Sep,2023,19%
20-08-2023,North,Office Supplies,Printer,10,208,170.55,2080,374.5,Aug,2023,18%
06-12-2023,East,Clothing,Jacket,10,208,143.38,2080,646.2,Dec,2023,31%
06-02-2023,North,Clothing,Jeans,5,417,280.23,2085,683.85,Feb,2023,33%
29-01-2023,West,Electronics,Phone,5,417,273.96,2085,715.2,Jan,2023,34%
31-03-2023,West,Office Supplies,Printer,5,420,327.73,2100,461.35,Mar,2023,22%
21-11-2023,West,Furniture,Chair,5,421,377.65,2105,216.75,Nov,2023,10%
18-07-2023,West,Clothing,Shirt,9,234,207.38,2106,239.58,Jul,2023,11%
21-08-2023,West,Office Supplies,Notebook,10,211,140.6,2110,704,Aug,2023,33%
28-07-2023,East,Electronics,Phone,8,264,200.7,2112,506.4,Jul,2023,24%
14-07-2023,North,Electronics,Monitor,7,302,208.5,2114,654.5,Jul,2023,31%
06-05-2023,West,Furniture,Table,9,236,208.75,2124,245.25,May,2023,12%
17-11-2023,East,Electronics,Phone,7,304,212.27,2128,642.11,Nov,2023,30%
03-04-2023,North,Office Supplies,Bag,10,214,173.7,2140,403,Apr,2023,19%
19-06-2023,South,Clothing,Jeans,9,238,210.25,2142,249.75,Jun,2023,12%
26-06-2023,North,Electronics,Tablet,8,268,187.76,2144,641.92,Jun,2023,30%
26-12-2023,West,Clothing,Jeans,8,268,184.54,2144,667.68,Dec,2023,31%
10-04-2023,West,Office Supplies,Notebook,7,307,215.57,2149,640.01,Apr,2023,30%
08-10-2023,East,Electronics,Laptop,10,215,115.46,2150,995.4,Oct,2023,46%
07-08-2023,South,Electronics,Tablet,6,360,216.7,2160,859.8,Aug,2023,40%
01-08-2023,North,Office Supplies,Bag,8,270,153.06,2160,935.52,Aug,2023,43%
16-12-2023,North,Office Supplies,Pen,6,361,230.67,2166,781.98,Dec,2023,36%
01-05-2023,South,Electronics,Tablet,9,241,203.05,2169,341.55,May,2023,16%
30-04-2023,West,Furniture,Table,5,435,269.75,2175,826.25,Apr,2023,38%
24-09-2023,South,Clothing,Shoes,8,272,223.91,2176,384.72,Sep,2023,18%
24-07-2023,South,Furniture,Chair,9,242,195.91,2178,414.81,Jul,2023,19%
08-01-2023,West,Clothing,Shirt,9,242,195.86,2178,415.26,Jan,2023,19%
01-07-2023,West,Clothing,Jacket,6,364,256.32,2184,646.08,Jul,2023,30%
12-06-2023,North,Office Supplies,Pen,7,312,204.71,2184,751.03,Jun,2023,34%
26-12-2023,North,Clothing,Shirt,10,220,184.87,2200,351.3,Dec,2023,16%
05-12-2023,North,Electronics,Monitor,6,368,204.6,2208,980.4,Dec,2023,44%
17-06-2023,South,Clothing,Jeans,9,246,134.44,2214,1004.04,Jun,2023,45%
25-07-2023,North,Clothing,Jeans,6,371,279.04,2226,551.76,Jul,2023,25%
21-09-2023,East,Electronics,Tablet,9,248,172.29,2232,681.39,Sep,2023,31%
04-08-2023,North,Office Supplies,Printer,5,447,238.14,2235,1044.3,Aug,2023,47%
09-05-2023,South,Office Supplies,Pen,6,374,284.03,2244,539.82,May,2023,24%
07-03-2023,West,Furniture,Table,5,450,269.76,2250,901.2,Mar,2023,40%
24-07-2023,West,Electronics,Monitor,8,282,207.67,2256,594.64,Jul,2023,26%
01-09-2023,East,Office Supplies,Printer,10,227,203.17,2270,238.3,Sep,2023,10%
14-02-2023,South,Furniture,Desk,9,253,127.31,2277,1131.21,Feb,2023,50%
07-02-2023,West,Electronics,Tablet,6,380,333.17,2280,280.98,Feb,2023,12%
31-03-2023,East,Furniture,Chair,8,285,216.77,2280,545.84,Mar,2023,24%
23-04-2023,South,Furniture,Chair,7,326,170.14,2282,1091.02,Apr,2023,48%
19-04-2023,South,Office Supplies,Pen,9,254,222.51,2286,283.41,Apr,2023,12%
21-10-2023,North,Furniture,Desk,5,459,323.95,2295,675.25,Oct,2023,29%
03-03-2023,North,Clothing,Shoes,9,255,159.7,2295,857.7,Mar,2023,37%
10-02-2023,South,Electronics,Monitor,7,328,294.56,2296,234.08,Feb,2023,10%
05-03-2023,North,Electronics,Phone,6,384,291.92,2304,552.48,Mar,2023,24%
27-01-2023,North,Furniture,Table,5,461,318.59,2305,712.05,Jan,2023,31%
01-04-2023,South,Office Supplies,Notebook,9,257,133.66,2313,1110.06,Apr,2023,48%
31-01-2023,South,Clothing,Shoes,5,463,352.97,2315,550.15,Jan,2023,24%
26-02-2023,West,Electronics,Tablet,5,463,237.28,2315,1128.6,Feb,2023,49%
03-12-2023,North,Furniture,Shelf,6,386,262.87,2316,738.78,Dec,2023,32%
10-12-2023,East,Electronics,Tablet,8,290,257.05,2320,263.6,Dec,2023,11%
10-01-2023,West,Furniture,Chair,5,464,395.96,2320,340.2,Jan,2023,15%
02-11-2023,North,Office Supplies,Bag,8,290,174.16,2320,926.72,Nov,2023,40%
04-03-2023,North,Office Supplies,Printer,9,258,180.14,2322,700.74,Mar,2023,30%
31-07-2023,North,Office Supplies,Bag,6,387,258.88,2322,768.72,Jul,2023,33%
30-01-2023,South,Electronics,Tablet,8,291,187.11,2328,831.12,Jan,2023,36%
05-12-2023,North,Electronics,Laptop,7,334,269.34,2338,452.62,Dec,2023,19%
17-11-2023,North,Furniture,Chair,5,469,307.13,2345,809.35,Nov,2023,35%
18-03-2023,East,Furniture,Shelf,8,295,204.65,2360,722.8,Mar,2023,31%
26-03-2023,South,Furniture,Shelf,6,397,356.44,2382,243.36,Mar,2023,10%
03-07-2023,East,Electronics,Monitor,8,298,242.15,2384,446.8,Jul,2023,19%
23-01-2023,West,Clothing,Shoes,6,401,276.37,2406,747.78,Jan,2023,31%
11-11-2023,West,Electronics,Phone,7,344,231.09,2408,790.37,Nov,2023,33%
15-01-2023,North,Electronics,Monitor,7,344,204.16,2408,978.88,Jan,2023,41%
07-03-2023,West,Electronics,Phone,8,301,170.38,2408,1044.96,Mar,2023,43%
09-08-2023,East,Furniture,Desk,5,482,410.07,2410,359.65,Aug,2023,15%
02-07-2023,North,Electronics,Monitor,9,268,183.07,2412,764.37,Jul,2023,32%
24-03-2023,North,Furniture,Chair,7,345,173.23,2415,1202.39,Mar,2023,50%
30-07-2023,South,Clothing,Shirt,9,270,228.12,2430,376.92,Jul,2023,16%
20-01-2023,South,Clothing,Jeans,5,489,406.8,2445,411,Jan,2023,17%
28-12-2023,West,Electronics,Monitor,8,306,189.07,2448,935.44,Dec,2023,38%
13-09-2023,North,Clothing,Shirt,7,350,284.81,2450,456.33,Sep,2023,19%
14-12-2023,East,Clothing,Jacket,10,245,167.74,2450,772.6,Dec,2023,32%
14-09-2023,North,Clothing,Jeans,8,307,267.26,2456,317.92,Sep,2023,13%
06-09-2023,South,Office Supplies,Bag,10,246,163.76,2460,822.4,Sep,2023,33%
20-03-2023,North,Furniture,Table,6,410,231.49,2460,1071.06,Mar,2023,44%
21-03-2023,East,Furniture,Chair,7,353,259.15,2471,656.95,Mar,2023,27%
24-06-2023,East,Office Supplies,Printer,6,413,214.21,2478,1192.74,Jun,2023,48%
02-10-2023,East,Office Supplies,Pen,6,414,241.38,2484,1035.72,Oct,2023,42%
05-05-2023,West,Furniture,Shelf,8,311,231.43,2488,636.56,May,2023,26%
23-02-2023,East,Clothing,Jeans,7,356,263.52,2492,647.36,Feb,2023,26%
19-07-2023,North,Clothing,Shoes,5,499,313.98,2495,925.1,Jul,2023,37%
12-02-2023,West,Clothing,Jacket,8,312,249.02,2496,503.84,Feb,2023,20%
02-12-2023,North,Furniture,Shelf,8,312,232,2496,640,Dec,2023,26%
17-08-2023,North,Office Supplies,Bag,6,416,258.83,2496,943.02,Aug,2023,38%
01-05-2023,East,Furniture,Desk,10,250,215.73,2500,342.7,May,2023,14%
22-12-2023,East,Furniture,Desk,8,314,255.22,2512,470.24,Dec,2023,19%
19-11-2023,North,Furniture,Chair,8,316,179.37,2528,1093.04,Nov,2023,43%
04-04-2023,East,Furniture,Shelf,6,423,357.15,2538,395.1,Apr,2023,16%
09-06-2023,West,Clothing,Jeans,7,363,275.86,2541,609.98,Jun,2023,24%
08-01-2023,East,Electronics,Phone,6,424,345.72,2544,469.68,Jan,2023,18%
08-01-2023,South,Furniture,Table,6,424,262.04,2544,971.76,Jan,2023,38%
15-11-2023,East,Electronics,Laptop,9,283,153.09,2547,1169.19,Nov,2023,46%
09-01-2023,North,Office Supplies,Printer,7,364,199.23,2548,1153.39,Jan,2023,45%
27-06-2023,East,Clothing,Shoes,9,284,230.95,2556,477.45,Jun,2023,19%
03-11-2023,South,Clothing,Shirt,9,284,221.34,2556,563.94,Nov,2023,22%
18-04-2023,East,Office Supplies,Bag,6,427,226.59,2562,1202.46,Apr,2023,47%
23-04-2023,North,Clothing,Shoes,8,321,196.22,2568,998.24,Apr,2023,39%
18-08-2023,North,Electronics,Tablet,7,367,229.84,2569,960.12,Aug,2023,37%
31-10-2023,North,Office Supplies,Pen,10,257,161.95,2570,950.5,Oct,2023,37%
23-10-2023,East,Electronics,Phone,6,429,371.72,2574,343.68,Oct,2023,13%
26-07-2023,South,Electronics,Laptop,6,429,362.36,2574,399.84,Jul,2023,16%
29-05-2023,West,Clothing,Shirt,6,430,331.4,2580,591.6,May,2023,23%
13-08-2023,East,Clothing,Shoes,9,287,213.51,2583,661.41,Aug,2023,26%
12-03-2023,West,Electronics,Laptop,6,431,297.17,2586,802.98,Mar,2023,31%
21-08-2023,South,Furniture,Desk,9,288,200.9,2592,783.9,Aug,2023,30%
10-07-2023,West,Electronics,Phone,8,324,219.82,2592,833.44,Jul,2023,32%
25-07-2023,West,Electronics,Monitor,7,371,201.52,2597,1186.36,Jul,2023,46%
19-08-2023,South,Electronics,Monitor,10,260,160.29,2600,997.1,Aug,2023,38%
07-02-2023,West,Office Supplies,Bag,8,326,225.49,2608,804.08,Feb,2023,31%
10-02-2023,North,Clothing,Jeans,7,373,300.34,2611,508.62,Feb,2023,19%
04-02-2023,North,Clothing,Jacket,9,292,256.8,2628,316.8,Feb,2023,12%
09-06-2023,North,Office Supplies,Printer,6,438,253.72,2628,1105.68,Jun,2023,42%
14-06-2023,North,Office Supplies,Notebook,10,263,184.24,2630,787.6,Jun,2023,30%
19-04-2023,North,Electronics,Phone,10,263,160.02,2630,1029.8,Apr,2023,39%
27-05-2023,West,Furniture,Shelf,7,376,331.98,2632,308.14,May,2023,12%
21-04-2023,West,Furniture,Chair,8,330,296.05,2640,271.6,Apr,2023,10%
26-01-2023,South,Furniture,Chair,10,264,185.1,2640,789,Jan,2023,30%
01-08-2023,East,Electronics,Phone,9,294,194.44,2646,896.04,Aug,2023,34%
31-07-2023,West,Office Supplies,Notebook,6,443,301.86,2658,846.84,Jul,2023,32%
27-02-2023,North,Office Supplies,Printer,10,266,235.33,2660,306.7,Feb,2023,12%
24-06-2023,East,Clothing,Shirt,6,444,334.54,2664,656.76,Jun,2023,25%
18-05-2023,South,Clothing,Shoes,6,444,272.37,2664,1029.78,May,2023,39%
31-12-2023,West,Clothing,Jeans,6,444,265.97,2664,1068.18,Dec,2023,40%
10-02-2023,North,Electronics,Laptop,8,334,167.88,2672,1328.96,Feb,2023,50%
10-04-2023,West,Electronics,Phone,6,446,283.29,2676,976.26,Apr,2023,36%
21-10-2023,East,Furniture,Shelf,7,383,289.57,2681,654.01,Oct,2023,24%
23-11-2023,West,Furniture,Chair,8,336,228.85,2688,857.2,Nov,2023,32%
07-07-2023,East,Electronics,Monitor,8,336,173.49,2688,1300.08,Jul,2023,48%
10-12-2023,East,Furniture,Shelf,8,339,279.04,2712,479.68,Dec,2023,18%
25-02-2023,North,Office Supplies,Notebook,6,452,326.57,2712,752.58,Feb,2023,28%
04-01-2023,North,Office Supplies,Pen,9,302,200.69,2718,911.79,Jan,2023,34%
16-05-2023,West,Office Supplies,Bag,10,275,207.51,2750,674.9,May,2023,25%
28-02-2023,West,Electronics,Laptop,8,344,221.94,2752,976.48,Feb,2023,35%
18-01-2023,West,Clothing,Shirt,6,460,398.41,2760,369.54,Jan,2023,13%
28-10-2023,North,Clothing,Shirt,9,307,193.98,2763,1017.18,Oct,2023,37%
27-05-2023,East,Electronics,Phone,6,461,374.49,2766,519.06,May,2023,19%
15-03-2023,North,Office Supplies,Bag,6,461,362.47,2766,591.18,Mar,2023,21%
29-12-2023,North,Clothing,Shoes,7,396,292.6,2772,723.8,Dec,2023,26%
28-12-2023,North,Furniture,Desk,7,396,219.87,2772,1232.91,Dec,2023,44%
19-12-2023,South,Office Supplies,Bag,6,463,316.24,2778,880.56,Dec,2023,32%
23-08-2023,West,Electronics,Monitor,10,278,153.97,2780,1240.3,Aug,2023,45%
09-10-2023,East,Clothing,Shirt,8,350,251.95,2800,784.4,Oct,2023,28%
12-04-2023,North,Furniture,Table,10,280,184.96,2800,950.4,Apr,2023,34%
30-07-2023,North,Clothing,Jacket,9,315,203.74,2835,1001.34,Jul,2023,35%
05-04-2023,South,Electronics,Monitor,6,473,308.67,2838,985.98,Apr,2023,35%
31-05-2023,West,Clothing,Jacket,8,358,313.06,2864,359.52,May,2023,13%
18-02-2023,East,Office Supplies,Bag,8,358,282.15,2864,606.8,Feb,2023,21%
19-03-2023,South,Furniture,Table,6,479,314.77,2874,985.38,Mar,2023,34%
01-02-2023,North,Clothing,Jacket,6,481,346.11,2886,809.34,Feb,2023,28%
10-03-2023,East,Electronics,Monitor,8,361,257.2,2888,830.4,Mar,2023,29%
08-06-2023,North,Furniture,Shelf,6,482,397.6,2892,506.4,Jun,2023,18%
08-10-2023,East,Clothing,Jeans,10,290,194.1,2900,959,Oct,2023,33%
11-06-2023,North,Electronics,Tablet,7,415,234.78,2905,1261.54,Jun,2023,43%
02-06-2023,West,Electronics,Laptop,8,364,286.7,2912,618.4,Jun,2023,21%
18-07-2023,North,Furniture,Desk,7,416,264.3,2912,1061.9,Jul,2023,36%
07-01-2023,West,Furniture,Table,8,364,197.31,2912,1333.52,Jan,2023,46%
04-07-2023,North,Office Supplies,Pen,9,324,244.71,2916,713.61,Jul,2023,24%
29-08-2023,East,Office Supplies,Pen,6,488,283.65,2928,1226.1,Aug,2023,42%
13-09-2023,South,Electronics,Laptop,10,294,148.93,2940,1450.7,Sep,2023,49%
18-12-2023,North,Furniture,Table,6,492,335.24,2952,940.56,Dec,2023,32%
18-07-2023,East,Electronics,Monitor,7,423,376.61,2961,324.73,Jul,2023,11%
26-11-2023,North,Office Supplies,Printer,7,424,217.75,2968,1443.75,Nov,2023,49%
09-04-2023,North,Electronics,Laptop,10,297,217.03,2970,799.7,Apr,2023,27%
27-01-2023,East,Electronics,Laptop,6,496,294.59,2976,1208.46,Jan,2023,41%
15-01-2023,East,Furniture,Table,6,496,267.66,2976,1370.04,Jan,2023,46%
24-10-2023,East,Clothing,Shoes,6,496,255.11,2976,1445.34,Oct,2023,49%
15-05-2023,West,Electronics,Tablet,10,298,216.96,2980,810.4,May,2023,27%
24-05-2023,West,Furniture,Chair,9,332,288.24,2988,393.84,May,2023,13%
06-04-2023,East,Office Supplies,Printer,8,374,261.43,2992,900.56,Apr,2023,30%
22-12-2023,South,Furniture,Shelf,8,374,205.98,2992,1344.16,Dec,2023,45%
02-09-2023,East,Clothing,Jeans,6,499,299.01,2994,1199.94,Sep,2023,40%
05-01-2023,South,Office Supplies,Printer,7,428,264.15,2996,1146.95,Jan,2023,38%
10-07-2023,East,Furniture,Shelf,8,376,307.03,3008,551.76,Jul,2023,18%
20-12-2023,South,Furniture,Desk,7,431,267.68,3017,1143.24,Dec,2023,38%
10-05-2023,West,Electronics,Laptop,9,337,219.85,3033,1054.35,May,2023,35%
06-12-2023,North,Office Supplies,Printer,7,436,350.63,3052,597.59,Dec,2023,20%
21-09-2023,East,Furniture,Desk,7,437,313.42,3059,865.06,Sep,2023,28%
19-06-2023,North,Furniture,Chair,8,383,335.12,3064,383.04,Jun,2023,13%
27-10-2023,East,Furniture,Desk,7,441,333.14,3087,755.02,Oct,2023,24%
10-01-2023,West,Electronics,Laptop,9,343,175.78,3087,1504.98,Jan,2023,49%
12-03-2023,West,Office Supplies,Notebook,9,345,236.11,3105,980.01,Mar,2023,32%
17-03-2023,North,Office Supplies,Pen,7,444,295.18,3108,1041.74,Mar,2023,34%
27-11-2023,East,Clothing,Jeans,7,444,289.2,3108,1083.6,Nov,2023,35%
09-05-2023,South,Clothing,Jeans,7,444,224.24,3108,1538.32,May,2023,49%
24-04-2023,East,Clothing,Jacket,9,346,281.63,3114,579.33,Apr,2023,19%
12-05-2023,West,Office Supplies,Printer,8,390,295.1,3120,759.2,May,2023,24%
04-08-2023,North,Clothing,Jacket,10,312,206.52,3120,1054.8,Aug,2023,34%
30-05-2023,South,Electronics,Tablet,9,347,303.46,3123,391.86,May,2023,13%
11-10-2023,South,Electronics,Laptop,7,449,329.59,3143,835.87,Oct,2023,27%
02-12-2023,North,Office Supplies,Printer,10,315,186.17,3150,1288.3,Dec,2023,41%
12-01-2023,South,Clothing,Shirt,9,351,261.43,3159,806.13,Jan,2023,26%
24-06-2023,East,Clothing,Jeans,8,395,335.57,3160,475.44,Jun,2023,15%
13-02-2023,North,Furniture,Shelf,8,396,228.01,3168,1343.92,Feb,2023,42%
16-06-2023,East,Office Supplies,Pen,9,352,185.99,3168,1494.09,Jun,2023,47%
04-08-2023,East,Office Supplies,Printer,8,397,300.88,3176,768.96,Aug,2023,24%
07-05-2023,East,Furniture,Chair,9,353,287.37,3177,590.67,May,2023,19%
01-04-2023,West,Clothing,Shoes,9,353,214.64,3177,1245.24,Apr,2023,39%
07-01-2023,West,Furniture,Shelf,10,320,226.89,3200,931.1,Jan,2023,29%
09-04-2023,South,Office Supplies,Notebook,9,356,213.42,3204,1283.22,Apr,2023,40%
19-02-2023,South,Furniture,Chair,9,357,188.02,3213,1520.82,Feb,2023,47%
29-05-2023,South,Electronics,Laptop,7,462,344.72,3234,820.96,May,2023,25%
07-12-2023,North,Office Supplies,Printer,7,464,401.98,3248,434.14,Dec,2023,13%
24-08-2023,West,Clothing,Shoes,7,464,354.07,3248,769.51,Aug,2023,24%
02-05-2023,South,Clothing,Shirt,7,465,269.69,3255,1367.17,May,2023,42%
10-02-2023,East,Office Supplies,Bag,10,327,164.36,3270,1626.4,Feb,2023,50%
11-02-2023,South,Furniture,Desk,8,409,329.9,3272,632.8,Feb,2023,19%
03-03-2023,South,Electronics,Tablet,9,364,313.32,3276,456.12,Mar,2023,14%
29-12-2023,North,Clothing,Jacket,8,410,287.97,3280,976.24,Dec,2023,30%
20-02-2023,South,Furniture,Table,9,366,328.33,3294,339.03,Feb,2023,10%
11-05-2023,North,Office Supplies,Notebook,8,412,244.32,3296,1341.44,May,2023,41%
07-04-2023,West,Electronics,Tablet,7,471,341.11,3297,909.23,Apr,2023,28%
14-08-2023,East,Clothing,Jacket,7,472,293.5,3304,1249.5,Aug,2023,38%
17-05-2023,North,Furniture,Desk,9,368,246.26,3312,1095.66,May,2023,33%
16-10-2023,East,Office Supplies,Bag,8,414,247.29,3312,1333.68,Oct,2023,40%
08-07-2023,West,Furniture,Chair,7,475,313.5,3325,1130.5,Jul,2023,34%
04-12-2023,West,Electronics,Monitor,9,370,264.83,3330,946.53,Dec,2023,28%
14-01-2023,South,Clothing,Jeans,10,335,203.26,3350,1317.4,Jan,2023,39%
19-05-2023,East,Furniture,Shelf,8,419,354.11,3352,519.12,May,2023,15%
02-02-2023,North,Furniture,Desk,7,479,309.13,3353,1189.09,Feb,2023,35%
08-02-2023,East,Office Supplies,Notebook,8,420,372.83,3360,377.36,Feb,2023,11%
07-02-2023,North,Furniture,Table,10,337,227.61,3370,1093.9,Feb,2023,32%
31-03-2023,East,Office Supplies,Printer,9,375,320.94,3375,486.54,Mar,2023,14%
15-09-2023,North,Clothing,Jeans,9,375,283.03,3375,827.73,Sep,2023,25%
26-06-2023,North,Office Supplies,Printer,8,425,294.46,3400,1044.32,Jun,2023,31%
19-09-2023,South,Office Supplies,Notebook,8,426,366.56,3408,475.52,Sep,2023,14%
08-05-2023,East,Clothing,Jacket,7,488,384.6,3416,723.8,May,2023,21%
07-02-2023,South,Office Supplies,Bag,10,342,264.91,3420,770.9,Feb,2023,23%
20-12-2023,South,Furniture,Shelf,8,429,286.87,3432,1137.04,Dec,2023,33%
12-05-2023,East,Furniture,Table,8,432,267,3456,1320,May,2023,38%
06-11-2023,South,Electronics,Laptop,10,346,215.16,3460,1308.4,Nov,2023,38%
08-02-2023,North,Office Supplies,Notebook,8,433,365.69,3464,538.48,Feb,2023,16%
05-05-2023,North,Clothing,Shoes,8,433,287,3464,1168,May,2023,34%
13-01-2023,South,Furniture,Chair,7,496,347.08,3472,1042.44,Jan,2023,30%
19-09-2023,South,Office Supplies,Pen,8,434,226.66,3472,1658.72,Sep,2023,48%
29-01-2023,South,Electronics,Tablet,10,348,201.16,3480,1468.4,Jan,2023,42%
02-12-2023,West,Electronics,Laptop,9,389,329.17,3501,538.47,Dec,2023,15%
24-10-2023,West,Clothing,Shoes,10,355,223.26,3550,1317.4,Oct,2023,37%
29-10-2023,South,Clothing,Jacket,9,398,295.06,3582,926.46,Oct,2023,26%
26-10-2023,East,Furniture,Shelf,10,361,283.04,3610,779.6,Oct,2023,22%
29-05-2023,West,Furniture,Shelf,10,361,201.74,3610,1592.6,May,2023,44%
03-11-2023,North,Office Supplies,Notebook,9,402,342.4,3618,536.4,Nov,2023,15%
20-08-2023,North,Electronics,Monitor,9,403,290.18,3627,1015.38,Aug,2023,28%
26-07-2023,East,Electronics,Laptop,9,403,246.35,3627,1409.85,Jul,2023,39%
04-12-2023,South,Clothing,Jeans,10,364,281.36,3640,826.4,Dec,2023,23%
15-05-2023,North,Office Supplies,Pen,9,410,234.3,3690,1581.3,May,2023,43%
08-08-2023,North,Furniture,Table,9,412,340.88,3708,640.08,Aug,2023,17%
24-03-2023,South,Furniture,Desk,9,419,331.61,3771,786.51,Mar,2023,21%
24-04-2023,North,Office Supplies,Pen,8,472,302,3776,1360,Apr,2023,36%
24-05-2023,North,Furniture,Desk,10,379,322.92,3790,560.8,May,2023,15%
27-09-2023,North,Office Supplies,Bag,10,379,278.99,3790,1000.1,Sep,2023,26%
08-03-2023,East,Furniture,Shelf,10,382,334.33,3820,476.7,Mar,2023,12%
25-10-2023,North,Office Supplies,Bag,9,425,338.12,3825,781.92,Oct,2023,20%
29-01-2023,East,Office Supplies,Printer,9,425,239.53,3825,1669.23,Jan,2023,44%
08-10-2023,West,Office Supplies,Bag,8,479,269.99,3832,1672.08,Oct,2023,44%
17-10-2023,West,Office Supplies,Printer,8,480,304.86,3840,1401.12,Oct,2023,36%
01-04-2023,North,Clothing,Shirt,8,481,358.78,3848,977.76,Apr,2023,25%
09-11-2023,East,Office Supplies,Notebook,9,430,269.75,3870,1442.25,Nov,2023,37%
04-12-2023,East,Clothing,Jeans,10,388,333.99,3880,540.1,Dec,2023,14%
22-11-2023,West,Clothing,Shirt,8,485,378.51,3880,851.92,Nov,2023,22%
30-03-2023,East,Office Supplies,Printer,8,487,347.35,3896,1117.2,Mar,2023,29%
02-08-2023,South,Clothing,Shirt,8,489,259.44,3912,1836.48,Aug,2023,47%
26-03-2023,North,Furniture,Shelf,8,490,270.02,3920,1759.84,Mar,2023,45%
09-01-2023,West,Furniture,Desk,9,436,339.71,3924,866.61,Jan,2023,22%
01-01-2023,South,Furniture,Chair,9,437,351.05,3933,773.55,Jan,2023,20%
22-01-2023,East,Office Supplies,Bag,10,396,328.57,3960,674.3,Jan,2023,17%
22-08-2023,West,Office Supplies,Printer,10,396,247.42,3960,1485.8,Aug,2023,38%
27-07-2023,East,Clothing,Jacket,9,446,223.07,4014,2006.37,Jul,2023,50%
03-02-2023,North,Office Supplies,Printer,10,407,264.68,4070,1423.2,Feb,2023,35%
11-12-2023,East,Office Supplies,Notebook,10,414,239.28,4140,1747.2,Dec,2023,42%
26-09-2023,South,Office Supplies,Notebook,10,416,347.97,4160,680.3,Sep,2023,16%
09-11-2023,North,Electronics,Laptop,10,420,354.21,4200,657.9,Nov,2023,16%
15-12-2023,East,Office Supplies,Bag,9,467,290.35,4203,1589.85,Dec,2023,38%
06-10-2023,West,Office Supplies,Notebook,10,423,316.1,4230,1069,Oct,2023,25%
27-05-2023,West,Electronics,Laptop,9,470,299.65,4230,1533.15,May,2023,36%
12-09-2023,North,Electronics,Laptop,10,429,320.14,4290,1088.6,Sep,2023,25%
28-04-2023,South,Office Supplies,Printer,10,430,275.6,4300,1544,Apr,2023,36%
03-12-2023,North,Clothing,Shoes,10,431,382.24,4310,487.6,Dec,2023,11%
29-06-2023,North,Office Supplies,Bag,10,431,343.32,4310,876.8,Jun,2023,20%
08-02-2023,East,Office Supplies,Notebook,9,479,426.89,4311,468.99,Feb,2023,11%
17-12-2023,North,Electronics,Tablet,10,432,236.92,4320,1950.8,Dec,2023,45%
18-10-2023,North,Office Supplies,Bag,9,481,321.53,4329,1435.23,Oct,2023,33%
29-01-2023,North,Electronics,Tablet,9,485,373.38,4365,1004.58,Jan,2023,23%
19-12-2023,South,Clothing,Jacket,9,485,268.74,4365,1946.34,Dec,2023,45%
21-02-2023,South,Electronics,Monitor,9,486,331.83,4374,1387.53,Feb,2023,32%
27-07-2023,East,Furniture,Table,9,492,422.16,4428,628.56,Jul,2023,14%
31-05-2023,North,Clothing,Jeans,10,444,370.09,4440,739.1,May,2023,17%
24-04-2023,North,Clothing,Jeans,10,447,268.69,4470,1783.1,Apr,2023,40%
10-07-2023,North,Electronics,Monitor,9,498,269.44,4482,2057.04,Jul,2023,46%
08-12-2023,East,Clothing,Shirt,10,449,332.85,4490,1161.5,Dec,2023,26%
25-07-2023,East,Furniture,Chair,10,450,264.67,4500,1853.3,Jul,2023,41%
07-08-2023,East,Office Supplies,Printer,10,454,284.47,4540,1695.3,Aug,2023,37%
24-09-2023,South,Electronics,Monitor,10,466,349.6,4660,1164,Sep,2023,25%
15-12-2023,West,Clothing,Jeans,10,467,380.58,4670,864.2,Dec,2023,19%
10-08-2023,East,Electronics,Tablet,10,490,372.8,4900,1172,Aug,2023,24%
